branch,programming,analytical_reasoning,hardware,mathematics,communication,data_structures,operating_systems,networking,digital_electronics,machine_learning,career
IT,2,4,1,2,3,2,4,2,2,0,Software Tester
IT,3,3,0,3,4,2,4,3,0,2,Application Support Engineer
IT,2,4,4,4,4,3,4,4,3,3,Information Security Specialist
IT,2,2,1,1,3,1,1,0,2,0,Graphics Designer
IT,2,4,2,4,3,3,4,3,2,2,Information Security Specialist
ECE,4,4,2,4,1,4,4,4,1,1,Information Security Specialist
ECE,1,1,1,0,2,0,1,1,2,0,Graphics Designer
IT,4,4,1,3,3,3,3,1,1,3,Software Developer
CSE,4,4,0,4,3,4,1,3,2,2,AI/ML Specialist
ECE,3,2,2,4,3,3,4,4,3,2,Information Security Specialist
IT,2,4,0,4,4,2,1,3,2,3,AI/ML Specialist
IT,3,3,1,4,4,4,3,3,3,2,Information Security Specialist
ECE,1,3,4,4,2,2,3,2,4,1,Hardware Engineer
ECE,1,1,0,1,3,1,0,2,2,0,Customer Service Executive
ECE,3,4,2,2,2,1,4,4,0,1,Application Support Engineer
ECE,4,3,1,4,1,3,4,3,1,1,Application Support Engineer
CSE,3,4,1,4,2,3,3,4,1,3,Cyber Security Specialist
IT,4,3,1,3,3,3,2,3,1,1,API Specialist
ECE,4,4,2,3,3,4,2,2,1,3,Software Developer
CSE,3,4,1,2,4,4,2,2,1,0,Software Tester
CSE,4,4,2,3,2,2,4,4,2,2,Cyber Security Specialist
CSE,3,3,2,3,4,3,4,1,1,4,Software Developer
IT,1,3,0,2,4,4,2,1,0,2,Technical Writer
IT,2,3,3,4,2,2,2,2,4,2,Hardware Engineer
IT,1,3,1,2,3,2,3,0,1,1,Technical Writer
CSE,4,4,2,4,3,4,3,1,1,3,AI/ML Specialist
CSE,2,4,3,2,3,0,3,3,2,0,Helpdesk Engineer
IT,2,3,1,1,3,0,2,0,1,1,Graphics Designer
IT,4,3,1,2,2,4,4,2,3,1,Database Administrator
CSE,4,4,1,3,2,3,2,3,2,4,AI/ML Specialist
ECE,2,4,3,2,2,3,4,4,1,3,Cyber Security Specialist
CSE,0,3,1,1,2,1,1,0,1,0,Graphics Designer
CSE,2,0,0,1,4,1,1,1,0,1,Customer Service Executive
ECE,0,3,1,0,4,1,1,0,0,1,Graphics Designer
ECE,4,3,4,4,2,1,3,3,4,1,Hardware Engineer
CSE,2,4,2,3,3,2,1,2,1,3,Business Analyst
CSE,1,4,2,3,4,2,2,2,1,0,Project Manager
CSE,4,4,4,3,4,3,4,3,2,1,Information Security Specialist
IT,4,3,4,4,2,0,3,1,3,2,Hardware Engineer
CSE,4,2,1,2,2,3,3,3,0,2,Application Support Engineer
IT,4,3,1,4,3,4,2,2,1,4,AI/ML Specialist
CSE,1,3,2,1,4,1,4,2,1,0,Technical Writer
CSE,4,2,2,1,4,1,3,2,1,0,Application Support Engineer
CSE,2,2,0,2,4,2,1,1,0,0,Customer Service Executive
ECE,1,4,2,2,4,3,2,1,0,1,Project Manager
ECE,4,4,0,3,3,4,4,3,1,2,Database Administrator
IT,1,2,0,2,3,1,2,2,0,0,Customer Service Executive
CSE,2,3,1,0,3,2,1,1,2,0,Graphics Designer
IT,4,4,1,4,4,4,3,2,0,4,AI/ML Specialist
IT,2,3,1,2,2,3,1,2,1,1,Project Manager
IT,2,4,1,2,3,1,1,1,1,1,Project Manager
CSE,4,3,0,2,3,4,3,3,1,3,API Specialist
CSE,2,3,0,4,2,1,2,4,3,0,Networking Engineer
CSE,4,1,1,2,4,4,2,2,2,2,API Specialist
IT,1,2,1,1,3,1,2,0,1,0,Graphics Designer
ECE,4,4,1,4,3,2,3,2,2,2,Software Developer
IT,1,2,2,2,4,2,4,3,1,2,Helpdesk Engineer
CSE,3,4,0,3,4,3,4,3,0,2,Software Developer
IT,2,2,4,1,4,0,4,4,0,2,Helpdesk Engineer
ECE,4,4,1,1,3,3,4,2,1,0,Application Support Engineer
CSE,3,3,2,3,4,1,3,4,2,1,Networking Engineer
CSE,3,4,2,3,4,3,4,4,0,2,Cyber Security Specialist
CSE,3,4,2,3,4,2,1,2,1,2,Project Manager
CSE,2,2,3,4,2,2,4,1,4,1,Hardware Engineer
CSE,2,3,1,2,4,2,1,1,0,1,Technical Writer
CSE,2,4,2,2,4,2,3,2,2,1,Software Tester
CSE,1,1,1,1,2,2,0,0,2,0,Graphics Designer
IT,2,4,1,4,4,1,3,2,1,1,Project Manager
IT,4,4,0,3,2,4,4,3,0,4,AI/ML Specialist
CSE,2,2,3,4,2,1,3,4,2,1,Networking Engineer
ECE,4,4,3,3,1,0,3,4,2,1,Networking Engineer
IT,3,3,2,3,4,2,3,1,1,3,Business Analyst
IT,4,2,1,1,3,2,2,4,2,0,Networking Engineer
IT,3,2,4,3,3,1,4,2,4,0,Hardware Engineer
ECE,4,4,1,2,3,4,4,3,1,1,Database Administrator
ECE,4,3,1,1,4,2,3,4,1,0,Application Support Engineer
IT,3,4,0,2,4,2,2,3,1,1,Project Manager
CSE,4,4,0,1,3,4,4,3,0,1,Database Administrator
CSE,4,3,2,4,3,2,4,3,2,1,Application Support Engineer
IT,3,4,0,2,4,3,2,2,2,2,Software Tester
ECE,3,4,1,4,4,3,4,2,1,4,AI/ML Specialist
ECE,3,3,1,3,4,4,4,3,2,1,Database Administrator
ECE,3,2,3,2,2,2,3,4,2,1,Networking Engineer
ECE,3,4,2,2,2,3,2,3,1,2,Project Manager
IT,4,4,1,4,3,4,4,2,1,2,Software Developer
ECE,3,4,4,3,3,2,3,4,1,0,Networking Engineer
IT,4,4,1,3,3,2,4,2,1,0,Software Tester
ECE,2,4,0,3,4,3,3,2,1,2,Business Analyst
CSE,2,4,2,2,4,1,3,3,1,0,Application Support Engineer
ECE,4,4,1,3,4,4,4,2,0,1,Software Developer
CSE,2,3,0,3,4,3,1,1,1,2,Project Manager
IT,4,3,1,2,2,3,4,3,2,3,Software Developer
CSE,4,3,0,2,4,3,3,3,1,2,API Specialist
IT,3,3,0,1,2,1,4,2,0,2,Application Support Engineer
ECE,3,4,2,2,3,2,1,1,2,1,Technical Writer
ECE,3,3,1,4,2,2,4,2,1,1,Software Tester
IT,3,3,1,1,2,3,3,3,1,2,Cyber Security Specialist
IT,2,2,2,3,3,0,4,4,0,1,Helpdesk Engineer
CSE,2,4,1,4,4,2,3,2,2,1,Project Manager
IT,2,1,1,2,4,3,3,2,1,1,Technical Writer
IT,0,2,0,1,4,2,2,0,1,0,Graphics Designer
ECE,1,1,2,3,3,1,1,0,1,0,Graphics Designer
ECE,1,4,1,2,4,2,2,1,1,2,Business Analyst
IT,2,3,3,2,4,4,4,4,2,3,Information Security Specialist
CSE,3,2,3,3,2,3,3,3,1,2,API Specialist
CSE,1,3,1,1,4,1,0,0,1,0,Graphics Designer
ECE,0,1,0,1,4,2,0,2,0,0,Customer Service Executive
CSE,2,3,2,2,3,3,4,3,0,1,Application Support Engineer
ECE,1,3,0,1,3,1,2,2,0,0,Customer Service Executive
ECE,0,1,0,2,4,0,0,1,1,2,Customer Service Executive
ECE,4,3,1,3,3,3,4,3,2,1,Database Administrator
CSE,2,3,2,3,1,1,3,4,2,2,Networking Engineer
CSE,2,2,4,3,3,1,2,3,4,1,Hardware Engineer
ECE,3,4,0,2,2,2,4,2,2,1,Software Tester
ECE,2,3,1,1,4,4,4,3,0,2,Database Administrator
CSE,3,4,1,3,4,3,2,2,1,3,Business Analyst
IT,3,3,4,4,4,1,2,1,4,1,Hardware Engineer
IT,1,2,1,1,3,0,2,0,0,0,Graphics Designer
IT,3,2,1,2,3,2,4,2,1,1,Application Support Engineer
IT,4,4,2,2,4,3,2,1,1,1,Project Manager
CSE,2,4,2,0,4,3,2,3,1,3,Software Tester
CSE,2,3,4,3,2,1,4,3,4,1,Hardware Engineer
IT,2,2,4,3,4,2,3,3,3,3,Hardware Engineer
CSE,2,4,0,3,4,2,3,2,3,2,Business Analyst
IT,2,3,0,4,3,3,2,2,2,3,Business Analyst
ECE,1,4,1,3,4,2,1,2,0,2,Project Manager
IT,3,3,1,3,4,2,1,2,1,1,Business Analyst
CSE,2,2,0,2,4,1,2,0,1,1,Graphics Designer
CSE,3,2,2,3,4,0,3,2,0,2,Helpdesk Engineer
ECE,4,2,1,2,2,2,3,3,1,0,Application Support Engineer
IT,2,3,1,3,4,2,4,1,1,1,Technical Writer
CSE,3,3,1,2,3,4,3,2,1,2,Software Tester
ECE,3,4,1,3,2,2,4,4,0,3,Cyber Security Specialist
CSE,0,1,0,2,4,2,1,1,0,1,Customer Service Executive
IT,4,4,0,1,4,4,4,3,2,2,Database Administrator
CSE,1,2,1,3,4,2,4,4,0,0,Helpdesk Engineer
CSE,2,3,1,2,4,2,3,1,0,1,Technical Writer
IT,2,2,1,1,4,1,1,2,1,2,Technical Writer
CSE,3,4,0,2,3,4,4,1,1,1,Software Developer
IT,1,3,2,4,4,3,2,2,1,1,Project Manager
ECE,3,4,2,4,2,2,3,4,1,0,Information Security Specialist
IT,4,3,2,1,4,3,4,4,0,1,Application Support Engineer
ECE,4,4,1,3,3,4,3,3,2,1,Software Developer
ECE,3,4,0,3,3,4,4,4,1,0,Database Administrator
IT,1,4,2,3,4,1,0,2,1,1,Project Manager
ECE,1,3,0,1,4,1,1,0,0,0,Customer Service Executive
ECE,1,4,3,3,4,4,3,4,1,4,Cyber Security Specialist
IT,3,4,1,4,4,3,3,3,2,1,Information Security Specialist
IT,3,3,1,2,2,4,4,3,1,2,API Specialist
IT,4,3,1,4,4,4,3,3,2,4,AI/ML Specialist
ECE,4,4,2,4,4,3,3,2,0,2,Software Developer
ECE,1,2,1,2,2,2,0,0,1,0,Graphics Designer
ECE,2,2,0,2,3,1,0,0,0,0,Customer Service Executive
ECE,3,2,0,2,3,1,3,3,0,1,Helpdesk Engineer
CSE,3,3,1,2,4,3,4,2,1,1,Application Support Engineer
IT,3,3,1,3,4,4,3,4,1,2,API Specialist
ECE,2,2,0,0,4,2,1,2,0,0,Customer Service Executive
CSE,4,4,0,4,2,4,3,3,1,1,Software Developer
CSE,1,2,1,1,4,1,1,2,0,0,Customer Service Executive
IT,4,3,1,3,3,4,3,2,1,2,Software Developer
IT,3,4,1,3,3,1,4,4,0,2,Cyber Security Specialist
IT,3,3,1,1,3,4,4,3,1,1,Database Administrator
CSE,4,4,1,4,3,4,3,3,0,4,AI/ML Specialist
IT,4,3,1,2,4,1,4,4,2,1,Helpdesk Engineer
CSE,2,4,1,2,3,1,2,2,1,0,Technical Writer
CSE,3,3,2,3,2,2,3,4,2,2,Networking Engineer
ECE,4,4,2,2,3,3,3,3,1,1,Software Developer
ECE,1,3,0,2,4,1,2,3,1,2,Helpdesk Engineer
ECE,4,3,0,3,3,3,3,3,2,2,API Specialist
IT,2,3,2,2,2,4,4,1,2,1,Software Tester
CSE,2,2,3,4,2,0,3,1,4,0,Hardware Engineer
CSE,2,4,1,3,2,4,4,4,1,1,Cyber Security Specialist
IT,1,4,2,2,4,2,1,2,1,2,Technical Writer
ECE,4,4,0,3,1,3,4,3,1,1,Software Tester
ECE,1,2,2,2,3,1,1,2,0,2,Business Analyst
CSE,4,3,0,3,3,3,4,4,3,2,Information Security Specialist
CSE,2,3,1,1,3,4,4,3,0,2,Database Administrator
CSE,4,3,2,4,4,3,3,4,2,2,Information Security Specialist
ECE,3,3,2,2,3,4,4,3,1,0,Database Administrator
IT,3,4,0,1,4,4,2,1,0,1,Software Developer
CSE,3,4,2,4,3,3,4,4,2,3,Information Security Specialist
ECE,2,4,1,2,3,4,4,2,0,1,Database Administrator
CSE,3,4,0,2,2,3,4,3,1,1,Software Tester
CSE,3,2,1,2,4,1,2,2,1,1,Helpdesk Engineer
IT,3,3,2,2,4,3,4,2,2,0,Database Administrator
CSE,2,4,2,3,4,2,4,4,1,2,Cyber Security Specialist
IT,2,2,1,1,4,3,2,2,2,1,Technical Writer
IT,4,4,1,3,2,4,3,3,0,2,Software Developer
IT,1,3,2,2,4,0,3,2,1,0,Helpdesk Engineer
IT,3,2,2,3,4,0,2,3,1,1,Helpdesk Engineer
IT,2,2,1,0,4,0,1,2,0,0,Customer Service Executive
IT,2,3,0,3,2,2,3,3,0,0,Application Support Engineer
ECE,2,2,3,3,1,2,4,2,2,3,Networking Engineer
CSE,4,4,0,1,4,4,3,3,1,1,API Specialist
CSE,2,4,2,4,2,4,1,2,1,3,AI/ML Specialist
ECE,3,4,1,3,4,1,1,1,1,1,Business Analyst
IT,2,3,4,4,1,1,4,2,4,0,Hardware Engineer
ECE,3,2,1,2,2,4,4,4,1,1,Database Administrator
CSE,3,4,1,3,4,4,4,4,1,2,Cyber Security Specialist
CSE,2,3,0,3,4,2,2,3,1,1,Project Manager
ECE,3,4,2,2,3,4,3,2,1,1,Software Tester
IT,0,2,0,0,4,1,0,1,0,0,Customer Service Executive
ECE,4,2,0,2,2,4,3,2,1,1,API Specialist
ECE,2,3,2,3,3,3,3,2,0,3,Cyber Security Specialist
IT,2,4,0,3,4,1,1,1,0,2,Business Analyst
IT,3,1,1,2,3,3,2,3,2,2,API Specialist
CSE,4,2,3,4,1,1,4,4,1,2,Networking Engineer
CSE,2,3,2,4,3,3,4,4,3,2,Information Security Specialist
CSE,1,2,4,4,2,0,4,1,4,0,Hardware Engineer
IT,4,4,1,3,2,4,2,2,1,4,AI/ML Specialist
IT,2,4,2,3,4,3,4,2,1,1,Software Tester
ECE,4,3,2,3,2,3,3,1,1,4,AI/ML Specialist
ECE,4,3,1,2,2,3,4,3,1,1,Application Support Engineer
IT,4,2,0,3,4,4,4,2,1,3,API Specialist
IT,3,4,2,3,4,4,4,4,3,1,Cyber Security Specialist
CSE,3,3,0,2,3,2,2,3,0,1,Software Tester
IT,2,3,2,2,3,2,3,2,0,0,Helpdesk Engineer
CSE,3,3,0,3,3,3,3,4,2,3,Application Support Engineer
CSE,2,4,1,3,3,2,1,2,0,2,Business Analyst
IT,1,4,3,2,4,1,3,4,1,3,Helpdesk Engineer
IT,1,2,0,2,4,0,2,0,1,0,Graphics Designer
ECE,4,4,1,2,3,3,2,3,1,2,API Specialist
CSE,2,1,0,2,4,1,1,1,0,1,Customer Service Executive
ECE,2,1,2,2,4,1,3,2,1,0,Helpdesk Engineer
IT,3,4,0,2,2,3,4,3,2,1,Software Tester
ECE,3,2,1,1,4,1,1,1,2,1,Technical Writer
ECE,2,4,1,3,4,1,1,1,2,1,Business Analyst
IT,4,4,1,4,4,4,4,2,3,4,AI/ML Specialist
ECE,4,4,2,2,3,4,3,2,2,1,Software Developer
ECE,3,4,1,2,4,3,2,0,1,3,Business Analyst
ECE,4,3,2,1,3,1,1,2,1,0,Technical Writer
CSE,3,2,1,1,4,3,1,3,1,2,API Specialist
ECE,3,4,2,4,3,4,4,1,2,2,Software Developer
ECE,2,2,2,3,3,3,2,4,4,1,Networking Engineer
ECE,4,3,1,3,3,4,3,1,0,2,Software Tester
CSE,4,4,0,2,2,2,4,2,0,2,Application Support Engineer
CSE,2,3,3,4,3,1,4,1,4,1,Hardware Engineer
ECE,0,2,2,1,2,2,2,0,2,1,Graphics Designer
CSE,3,4,1,4,3,2,4,3,2,2,Information Security Specialist
CSE,1,2,0,0,4,1,0,2,0,0,Customer Service Executive
ECE,3,4,2,4,3,3,4,3,1,3,Cyber Security Specialist
ECE,2,4,0,2,4,2,2,3,2,1,Project Manager
CSE,0,2,0,1,4,3,2,2,2,0,Customer Service Executive
ECE,1,3,3,1,3,1,0,1,1,0,Graphics Designer
IT,4,3,3,3,1,1,2,4,3,2,Networking Engineer
ECE,3,4,0,4,2,4,3,2,1,3,AI/ML Specialist
ECE,3,4,1,3,3,4,3,3,0,1,Database Administrator
IT,2,3,2,2,4,2,0,1,0,2,Technical Writer
IT,4,2,1,1,3,4,3,2,0,1,Database Administrator
IT,2,3,2,4,2,3,3,4,2,1,Information Security Specialist
IT,1,3,4,4,2,0,3,2,4,1,Hardware Engineer
ECE,3,2,0,2,2,0,4,2,1,1,Application Support Engineer
IT,2,2,4,4,2,0,4,4,4,1,Hardware Engineer
IT,2,4,1,3,4,1,3,4,0,3,Business Analyst
CSE,4,4,3,2,1,3,3,4,2,1,Networking Engineer
ECE,2,4,4,4,3,1,3,3,4,2,Hardware Engineer
CSE,0,3,0,2,4,1,1,3,0,2,Customer Service Executive
IT,0,1,0,2,3,1,1,0,0,0,Customer Service Executive
CSE,1,3,1,2,4,3,1,0,1,0,Technical Writer
ECE,3,4,1,3,2,4,4,4,2,1,Information Security Specialist
ECE,3,4,1,4,1,3,4,2,3,4,AI/ML Specialist
IT,2,3,2,2,4,2,2,1,1,3,Technical Writer
ECE,4,4,2,4,3,4,2,2,2,4,AI/ML Specialist
IT,1,4,2,3,4,3,2,2,1,2,Project Manager
IT,1,2,3,2,2,2,2,4,4,1,Hardware Engineer
CSE,1,3,2,4,4,2,3,2,1,0,Project Manager
IT,4,4,0,1,3,2,4,4,1,1,Application Support Engineer
CSE,4,1,1,3,3,3,3,3,1,0,API Specialist
CSE,4,3,3,2,4,3,3,4,1,2,API Specialist
CSE,1,2,4,4,1,1,4,2,4,1,Hardware Engineer
CSE,2,4,2,3,3,1,4,4,2,3,Information Security Specialist
IT,3,4,2,2,4,2,2,0,1,1,Technical Writer
IT,2,4,0,4,4,2,2,2,0,2,Business Analyst
IT,1,4,1,3,4,3,2,2,1,2,Project Manager
CSE,2,4,1,2,4,2,2,1,0,0,Technical Writer
CSE,2,3,3,2,4,3,2,1,2,0,Technical Writer
CSE,2,3,0,2,4,1,2,1,2,0,Customer Service Executive
ECE,2,3,0,3,3,1,3,2,1,2,Business Analyst
IT,1,3,1,3,1,2,2,4,2,1,Networking Engineer
IT,4,2,1,2,3,4,3,2,2,3,API Specialist
ECE,1,2,0,3,4,2,2,2,1,1,Technical Writer
IT,3,3,3,3,2,2,4,4,2,1,Networking Engineer
IT,2,4,3,3,4,4,3,4,1,1,Cyber Security Specialist
ECE,4,3,3,3,3,2,1,4,2,1,Networking Engineer
CSE,4,4,2,2,3,2,3,3,4,2,Information Security Specialist
CSE,2,4,2,4,4,4,2,1,0,4,AI/ML Specialist
ECE,3,3,1,2,2,2,3,4,1,2,Application Support Engineer
IT,4,4,2,4,2,3,3,2,0,3,Software Developer
ECE,4,4,2,4,4,4,3,2,0,4,AI/ML Specialist
IT,4,2,1,2,3,4,2,2,1,3,API Specialist
CSE,3,4,1,4,4,4,4,4,2,2,Information Security Specialist
ECE,3,4,1,3,3,4,1,3,2,1,Project Manager
CSE,2,3,2,3,2,3,3,4,3,1,Networking Engineer
IT,2,4,0,3,4,3,2,2,1,0,Project Manager
ECE,1,1,0,0,4,1,1,1,0,0,Customer Service Executive
ECE,4,3,1,2,4,2,3,3,2,3,Application Support Engineer
CSE,4,4,0,4,2,3,3,1,1,4,AI/ML Specialist
CSE,4,4,1,3,3,3,4,2,2,1,Software Developer
CSE,3,3,1,3,3,4,3,2,1,0,Software Tester
CSE,3,4,2,4,4,2,3,1,1,2,Business Analyst
IT,1,2,0,2,4,0,2,0,1,0,Customer Service Executive
ECE,4,4,2,4,3,4,2,2,2,4,AI/ML Specialist
ECE,2,4,0,3,3,3,1,0,2,2,Technical Writer
IT,3,3,4,3,2,3,3,4,2,2,Networking Engineer
ECE,2,2,2,2,4,3,4,2,1,2,Database Administrator
IT,1,2,1,1,4,2,1,1,0,0,Technical Writer
IT,2,3,2,2,4,2,3,3,1,0,Helpdesk Engineer
CSE,3,3,3,3,1,4,4,4,2,2,Information Security Specialist
CSE,2,2,0,1,3,0,0,0,1,0,Graphics Designer
CSE,4,3,1,4,2,3,3,2,1,4,AI/ML Specialist
IT,2,3,4,4,1,1,2,1,4,0,Hardware Engineer
CSE,3,4,2,2,4,1,1,2,1,1,Project Manager
CSE,2,3,1,1,2,2,4,4,1,0,Helpdesk Engineer
IT,1,3,0,0,3,1,1,0,1,1,Graphics Designer
CSE,2,3,4,4,1,2,3,4,4,1,Hardware Engineer
IT,3,0,0,1,4,1,0,2,1,0,Customer Service Executive
IT,2,4,2,3,3,1,2,1,1,2,Project Manager
CSE,1,4,1,4,4,1,4,2,1,0,Project Manager
IT,4,4,3,3,2,2,2,3,0,1,Software Tester
IT,2,3,1,3,3,3,1,2,1,0,Project Manager
ECE,4,3,1,3,3,4,2,2,1,3,AI/ML Specialist
CSE,4,4,1,2,3,3,4,2,1,3,Software Developer
CSE,4,3,1,2,3,4,2,3,0,2,API Specialist
IT,2,3,1,2,2,2,4,2,1,2,Application Support Engineer
IT,1,2,1,0,2,1,2,0,1,0,Graphics Designer
CSE,1,3,1,0,4,2,1,0,0,0,Customer Service Executive
ECE,3,3,0,3,4,1,1,1,1,0,Technical Writer
CSE,1,2,0,1,4,2,0,0,2,0,Customer Service Executive
IT,1,4,1,3,4,2,2,3,2,1,Project Manager
IT,4,3,1,1,3,4,4,3,0,1,Database Administrator
ECE,3,3,0,3,3,3,2,2,1,3,Business Analyst
ECE,1,2,0,2,3,1,0,1,0,1,Customer Service Executive
CSE,1,4,1,3,4,2,3,3,2,1,Project Manager
CSE,1,4,0,2,4,0,1,2,0,0,Customer Service Executive
IT,3,3,1,2,2,3,3,2,3,1,Application Support Engineer
IT,4,3,0,3,3,2,3,2,1,2,Software Developer
CSE,3,3,0,2,3,3,4,2,2,1,Application Support Engineer
ECE,3,4,0,2,4,3,1,3,2,3,API Specialist
IT,2,3,3,3,1,1,4,2,4,1,Hardware Engineer
ECE,3,3,0,2,3,3,4,3,1,1,Software Tester
IT,3,2,3,2,2,2,2,4,2,2,Networking Engineer
IT,1,3,0,1,2,2,4,3,1,1,Application Support Engineer
CSE,2,2,1,2,4,3,2,1,0,2,Technical Writer
CSE,3,3,1,2,3,4,4,3,0,2,Database Administrator
ECE,1,2,0,0,4,0,2,1,0,0,Customer Service Executive
IT,3,4,0,3,4,2,3,2,1,2,Project Manager
ECE,4,3,1,3,4,2,3,3,0,2,Application Support Engineer
ECE,1,2,1,1,4,2,1,0,1,1,Technical Writer
ECE,3,4,1,2,3,2,2,1,1,2,Project Manager
CSE,0,3,1,0,3,1,1,0,1,1,Graphics Designer
ECE,4,4,1,2,2,3,4,3,2,3,API Specialist
ECE,1,4,0,2,4,2,2,2,0,2,Business Analyst
CSE,4,3,4,2,2,2,4,4,2,1,Networking Engineer
ECE,3,3,2,3,4,1,1,2,0,2,Project Manager
CSE,4,3,1,3,3,3,2,3,2,4,AI/ML Specialist
IT,2,3,0,1,4,1,0,2,0,0,Customer Service Executive
CSE,3,4,2,2,3,3,3,2,1,1,Software Tester
CSE,3,4,1,4,3,4,3,2,1,4,Software Developer
ECE,4,3,1,2,2,3,3,4,2,0,Networking Engineer
IT,2,3,1,3,4,0,3,1,0,0,Helpdesk Engineer
ECE,3,3,1,3,4,2,1,3,2,2,Business Analyst
IT,2,3,1,2,3,3,4,4,1,1,Application Support Engineer
IT,2,4,1,4,2,4,4,3,2,4,Database Administrator
ECE,4,3,0,2,3,4,2,4,0,2,API Specialist
CSE,4,4,3,1,2,2,3,4,1,3,Cyber Security Specialist
CSE,2,4,1,4,4,3,2,1,1,3,Business Analyst
CSE,4,4,2,2,3,4,4,1,1,2,Software Developer
CSE,4,4,0,1,3,1,4,2,3,2,Application Support Engineer
IT,3,3,2,2,3,1,2,3,0,2,Helpdesk Engineer
ECE,3,3,0,2,2,1,4,4,1,0,Application Support Engineer
IT,2,4,2,3,4,1,3,1,0,1,Project Manager
CSE,4,4,0,3,3,3,3,2,1,0,Software Tester
CSE,3,3,1,4,3,3,3,2,2,3,AI/ML Specialist
ECE,4,4,1,3,3,4,3,2,2,2,Software Developer
CSE,2,4,0,2,4,2,2,3,1,1,Project Manager
ECE,3,4,1,4,3,2,3,2,0,0,Project Manager
IT,3,3,2,4,4,1,3,2,2,2,Business Analyst
IT,4,4,2,1,3,3,4,2,0,1,Software Tester
ECE,2,3,1,2,4,2,2,1,0,0,Technical Writer
CSE,2,2,3,3,1,1,3,4,2,2,Networking Engineer
CSE,3,3,3,3,2,1,3,3,1,1,Networking Engineer
ECE,1,3,0,1,2,1,2,0,0,0,Graphics Designer
IT,1,4,1,3,4,2,2,3,0,2,Business Analyst
CSE,2,4,1,4,3,4,3,3,1,3,Software Developer
ECE,3,3,3,4,2,3,2,3,2,2,Networking Engineer
ECE,2,4,1,2,2,4,4,3,1,2,Database Administrator
ECE,2,2,2,1,2,2,1,1,0,0,Customer Service Executive
IT,3,4,3,4,1,3,3,3,2,1,Networking Engineer
CSE,1,2,0,1,4,2,0,3,0,0,Customer Service Executive
IT,3,3,1,3,3,3,2,1,1,2,Project Manager
ECE,3,4,1,3,2,2,3,2,2,1,Software Tester
IT,2,4,1,3,3,4,3,2,1,2,Software Developer
CSE,1,4,2,3,3,2,1,2,2,3,Business Analyst
ECE,4,4,1,4,2,3,4,4,0,2,Cyber Security Specialist
ECE,2,4,0,2,4,2,3,1,0,1,Customer Service Executive
IT,0,1,1,1,3,1,3,0,2,0,Graphics Designer
ECE,3,4,3,4,2,2,4,4,2,3,Information Security Specialist
CSE,4,4,0,2,3,4,3,2,1,2,Software Developer
ECE,3,4,1,2,3,2,4,3,1,2,Application Support Engineer
CSE,1,2,0,2,4,1,2,1,0,1,Customer Service Executive
ECE,1,1,1,1,3,0,1,0,0,0,Graphics Designer
CSE,3,2,2,2,4,2,2,3,1,3,API Specialist
CSE,4,3,1,2,4,4,4,3,2,2,Database Administrator
CSE,3,4,1,2,4,3,3,4,2,2,Cyber Security Specialist
ECE,1,4,1,4,4,2,2,3,0,2,Business Analyst
CSE,1,4,4,4,1,0,2,2,4,1,Hardware Engineer
IT,1,4,2,2,2,2,3,2,2,2,Technical Writer
ECE,4,4,1,3,4,2,3,3,0,0,Application Support Engineer
CSE,1,2,3,4,3,1,3,3,4,1,Hardware Engineer
ECE,2,4,2,2,4,2,3,4,1,1,Helpdesk Engineer
ECE,1,3,0,1,4,1,0,1,1,0,Customer Service Executive
CSE,4,3,2,4,2,3,4,4,0,1,Cyber Security Specialist
ECE,3,4,2,2,4,2,3,3,2,1,Software Tester
IT,1,2,1,1,2,2,1,0,2,0,Graphics Designer
ECE,4,4,2,4,2,4,3,0,1,4,AI/ML Specialist
IT,2,4,4,4,3,2,3,4,2,2,Networking Engineer
ECE,4,3,2,3,4,2,3,3,2,1,Application Support Engineer
IT,4,4,3,4,4,3,3,1,1,2,AI/ML Specialist
IT,4,4,1,3,3,4,4,2,1,1,API Specialist
ECE,4,4,0,1,4,3,4,1,1,1,Software Tester
CSE,4,2,2,4,3,3,3,4,2,3,Cyber Security Specialist
ECE,2,3,1,3,2,4,3,2,1,1,Application Support Engineer
IT,3,4,1,3,3,4,4,4,3,2,Information Security Specialist
IT,2,1,0,2,2,1,0,1,0,0,Customer Service Executive
ECE,3,4,3,3,3,2,3,3,1,1,Networking Engineer
CSE,3,4,2,1,4,3,4,2,1,1,Software Tester
CSE,4,3,2,3,3,1,4,3,1,2,Information Security Specialist
ECE,2,4,4,2,2,2,3,2,4,1,Hardware Engineer
ECE,3,2,4,4,3,2,2,1,4,1,Hardware Engineer
ECE,3,3,2,3,3,3,4,4,2,3,Information Security Specialist
ECE,3,4,0,4,3,3,2,3,1,1,Business Analyst
ECE,2,3,3,3,4,2,3,2,0,1,Project Manager
CSE,3,3,2,3,4,3,4,4,2,2,Information Security Specialist
CSE,2,3,0,1,4,1,2,1,1,0,Customer Service Executive
ECE,3,3,1,2,4,1,2,1,1,1,Technical Writer
ECE,1,3,1,2,4,2,3,0,1,1,Technical Writer
CSE,1,4,2,2,4,2,3,4,2,0,Helpdesk Engineer
CSE,2,1,1,0,3,1,1,1,1,0,Graphics Designer
ECE,1,4,1,3,4,2,2,1,1,3,Business Analyst
ECE,2,4,2,4,4,3,2,1,1,1,Project Manager
CSE,2,3,1,3,4,3,2,2,1,2,Business Analyst
IT,4,2,0,2,2,4,2,3,1,1,API Specialist
CSE,3,4,3,3,2,2,3,4,4,2,Networking Engineer
ECE,1,2,0,1,4,0,0,2,0,0,Customer Service Executive
ECE,4,2,3,3,2,2,2,4,0,2,Networking Engineer
CSE,1,2,1,0,3,1,0,1,0,0,Customer Service Executive
ECE,0,2,0,2,3,1,2,0,1,0,Graphics Designer
ECE,2,4,3,4,1,3,3,4,3,0,Networking Engineer
ECE,4,4,1,2,4,1,4,4,2,1,Cyber Security Specialist
IT,3,4,1,3,4,1,4,3,1,3,Information Security Specialist
ECE,3,3,1,2,3,4,4,3,1,1,API Specialist
ECE,2,4,2,4,4,3,4,4,2,2,Information Security Specialist
ECE,4,4,1,3,3,4,2,2,1,4,AI/ML Specialist
ECE,1,4,2,3,4,0,4,3,1,1,Helpdesk Engineer
IT,4,4,1,2,3,2,3,2,1,1,Software Tester
IT,3,4,0,4,4,2,1,3,2,0,Project Manager
CSE,4,2,1,1,3,1,4,2,1,2,Application Support Engineer
ECE,3,4,0,1,4,2,3,2,3,1,Software Tester
IT,2,4,0,3,4,2,3,1,0,2,Project Manager
IT,1,4,0,4,4,3,2,1,1,1,Business Analyst
ECE,3,3,1,1,3,1,4,3,1,1,Application Support Engineer
ECE,1,4,1,4,4,2,2,1,2,2,Business Analyst
CSE,4,4,0,3,4,2,4,4,1,1,Cyber Security Specialist
CSE,3,3,3,4,3,0,4,1,4,1,Hardware Engineer
IT,1,4,1,3,3,3,0,2,1,1,Business Analyst
CSE,4,3,2,3,1,3,3,4,2,0,Application Support Engineer
CSE,4,2,1,1,3,4,3,4,1,1,API Specialist
ECE,1,2,0,0,2,1,0,1,0,0,Graphics Designer
ECE,4,4,1,1,4,4,3,4,1,1,API Specialist
CSE,1,2,1,1,1,1,2,0,2,0,Graphics Designer
CSE,2,4,1,3,4,1,2,2,1,1,Business Analyst
ECE,1,1,0,0,4,0,1,2,1,0,Customer Service Executive
ECE,2,4,2,2,4,4,4,4,2,1,Database Administrator
ECE,3,4,3,3,4,3,4,4,3,1,Information Security Specialist
IT,4,4,0,4,2,4,3,2,2,1,Software Developer
ECE,3,4,1,2,4,3,2,3,1,3,Business Analyst
CSE,4,4,1,3,3,2,4,4,2,1,Cyber Security Specialist
CSE,1,4,2,2,4,2,1,4,1,2,Business Analyst
CSE,2,2,0,2,2,1,4,3,1,2,Application Support Engineer
ECE,1,3,2,4,2,1,2,4,3,2,Networking Engineer
CSE,3,4,2,2,3,4,2,1,1,0,Software Tester
ECE,3,2,2,2,2,3,3,4,2,0,Networking Engineer
ECE,3,3,1,2,4,1,4,3,2,0,Application Support Engineer
IT,2,3,0,4,3,1,2,1,0,2,Business Analyst
ECE,3,3,4,3,1,3,3,2,3,2,Networking Engineer
ECE,4,3,4,4,3,2,3,4,2,2,Information Security Specialist
IT,1,4,3,3,3,3,4,4,1,2,Cyber Security Specialist
CSE,2,4,1,3,3,1,4,2,1,1,Application Support Engineer
IT,2,2,0,0,3,2,2,0,1,1,Graphics Designer
IT,2,4,1,4,4,2,2,1,0,2,Business Analyst
ECE,2,4,0,4,4,3,2,2,2,2,Project Manager
IT,2,4,0,3,3,2,1,2,0,2,Business Analyst
ECE,3,3,1,2,3,2,4,1,1,1,Software Tester
ECE,1,3,0,2,3,1,1,2,0,1,Customer Service Executive
IT,4,2,0,2,2,3,4,3,1,1,Database Administrator
ECE,3,3,2,2,4,3,4,4,2,1,Database Administrator
ECE,3,4,2,4,3,2,4,3,2,3,Information Security Specialist
ECE,3,4,0,3,4,2,3,2,1,2,Business Analyst
CSE,1,3,1,3,4,1,2,2,1,1,Project Manager
ECE,3,4,2,2,4,3,2,4,1,1,Cyber Security Specialist
IT,4,4,0,3,4,4,3,2,0,2,Software Developer
ECE,1,3,0,2,4,0,0,0,0,1,Customer Service Executive
CSE,2,2,1,1,2,1,2,0,1,1,Graphics Designer
IT,2,3,4,4,1,1,2,4,2,2,Networking Engineer
IT,2,4,2,3,4,2,4,2,0,1,Project Manager
IT,3,3,2,3,4,2,2,1,1,1,Technical Writer
CSE,4,2,3,4,2,3,3,4,1,2,Networking Engineer
IT,4,4,0,2,2,4,3,3,1,3,API Specialist
CSE,1,3,0,3,4,1,2,1,1,0,Technical Writer
ECE,2,3,1,3,3,0,3,4,1,2,Helpdesk Engineer
IT,4,4,0,2,4,4,3,4,0,3,API Specialist
ECE,4,4,2,2,4,2,4,3,1,1,Application Support Engineer
CSE,1,2,0,0,4,0,0,2,0,1,Customer Service Executive
IT,3,3,3,4,2,3,3,3,2,0,Networking Engineer
ECE,2,3,1,2,3,4,2,0,2,2,Technical Writer
IT,4,4,1,2,2,4,4,2,1,3,Software Developer
ECE,2,4,1,2,2,3,4,3,1,1,Database Administrator
CSE,3,3,0,3,3,2,3,2,1,2,Application Support Engineer
ECE,3,3,1,2,4,2,3,4,1,1,Project Manager
CSE,2,3,4,4,2,2,2,2,3,1,Hardware Engineer
IT,4,4,1,2,3,4,3,2,1,2,Software Developer
ECE,3,4,1,0,3,2,4,3,0,3,Application Support Engineer
CSE,4,4,2,2,3,4,4,1,1,3,Software Developer
IT,4,4,3,3,4,3,4,4,0,2,Cyber Security Specialist
IT,2,4,2,2,2,3,4,4,1,2,Cyber Security Specialist
ECE,3,4,1,2,3,4,4,3,1,1,Database Administrator
ECE,0,3,0,2,4,1,0,2,0,0,Customer Service Executive
CSE,3,3,0,2,4,0,4,1,0,2,Application Support Engineer
ECE,4,4,1,2,2,4,4,3,1,0,Database Administrator
CSE,4,3,1,2,3,2,4,4,3,1,Information Security Specialist
CSE,2,3,4,4,2,1,3,2,3,2,Hardware Engineer
ECE,2,4,1,2,4,2,2,0,0,1,Technical Writer
CSE,3,4,2,4,3,3,4,2,1,4,AI/ML Specialist
CSE,3,4,2,4,4,3,3,4,1,1,Cyber Security Specialist
ECE,0,2,2,0,2,1,1,0,1,1,Graphics Designer
CSE,2,3,0,3,4,2,2,1,0,0,Technical Writer
IT,2,4,1,4,4,3,1,1,1,0,Project Manager
CSE,0,3,1,1,3,2,2,0,0,1,Graphics Designer
IT,1,4,1,3,3,3,2,2,0,1,Business Analyst
CSE,1,4,1,2,4,2,2,2,1,2,Technical Writer
CSE,4,2,1,1,4,4,1,3,1,3,API Specialist
CSE,0,2,2,2,4,1,4,2,2,2,Helpdesk Engineer
CSE,2,2,4,3,2,2,3,3,4,1,Hardware Engineer
CSE,2,4,2,3,4,0,3,3,1,2,Helpdesk Engineer
CSE,3,4,2,3,1,2,4,3,3,2,Networking Engineer
IT,1,2,1,1,3,1,2,0,1,0,Graphics Designer
ECE,3,4,2,3,4,3,4,4,1,2,Cyber Security Specialist
CSE,3,4,0,3,3,2,4,2,0,1,Software Tester
ECE,2,3,0,1,4,2,1,1,1,0,Technical Writer
ECE,1,3,1,1,4,4,2,3,1,2,Software Tester
IT,0,2,0,0,2,1,2,1,0,1,Customer Service Executive
CSE,4,4,1,4,2,4,3,1,1,2,AI/ML Specialist
CSE,4,3,1,1,4,1,4,3,1,0,Application Support Engineer
IT,1,3,4,4,2,1,3,2,4,0,Hardware Engineer
IT,4,4,0,4,4,4,3,1,2,4,AI/ML Specialist
IT,1,4,2,3,4,1,3,3,2,0,Helpdesk Engineer
ECE,4,4,1,2,4,4,2,1,0,3,Software Developer
ECE,4,2,2,3,3,3,3,3,0,1,Software Tester
IT,3,4,2,4,3,4,3,1,1,2,AI/ML Specialist
CSE,2,4,1,3,4,2,1,2,2,2,Project Manager
IT,3,4,2,3,3,3,1,2,1,0,Business Analyst
ECE,2,4,2,2,4,2,3,1,1,1,Technical Writer
IT,2,1,0,1,3,1,0,0,1,0,Graphics Designer
IT,3,3,1,1,3,3,4,3,1,1,Database Administrator
CSE,1,3,0,1,4,1,1,1,0,0,Customer Service Executive
ECE,2,3,4,3,3,1,3,2,3,1,Hardware Engineer
IT,2,3,1,1,3,1,3,1,1,2,Technical Writer
ECE,4,3,1,3,2,4,4,4,1,1,Database Administrator
IT,3,3,4,4,2,1,2,0,4,0,Hardware Engineer
IT,4,4,2,4,2,3,3,2,1,3,AI/ML Specialist
IT,2,4,2,4,3,4,4,4,4,2,Information Security Specialist
ECE,3,3,1,2,2,2,4,4,1,1,Information Security Specialist
IT,3,4,2,3,2,3,4,4,2,3,Information Security Specialist
ECE,3,3,2,3,1,2,3,3,2,1,Networking Engineer
CSE,3,4,1,3,3,1,3,2,1,2,Business Analyst
CSE,2,3,1,4,3,1,3,1,4,1,Hardware Engineer
IT,1,3,0,0,3,0,1,2,0,0,Customer Service Executive
CSE,3,3,1,1,4,2,4,4,0,0,Helpdesk Engineer
ECE,3,3,0,2,3,3,3,3,1,2,Software Tester
IT,2,4,2,2,3,3,2,1,2,1,Technical Writer
ECE,2,3,2,3,2,3,3,4,2,1,Networking Engineer
CSE,4,3,1,2,2,2,3,0,2,0,Software Tester
ECE,3,2,2,4,2,2,4,3,1,1,Networking Engineer
CSE,4,3,2,3,4,1,3,3,1,1,Application Support Engineer
CSE,2,2,2,1,3,0,1,0,2,0,Graphics Designer
IT,2,4,2,3,4,1,2,2,0,2,Business Analyst
IT,3,3,2,4,3,2,4,4,2,3,Information Security Specialist
CSE,4,4,2,2,2,4,4,3,1,2,Software Developer
CSE,4,4,3,2,3,3,4,4,2,0,Application Support Engineer
IT,4,3,0,1,4,3,4,2,0,2,API Specialist
ECE,4,4,3,3,3,2,3,2,1,1,Software Tester
CSE,3,4,2,2,2,3,4,4,1,2,Cyber Security Specialist
ECE,2,4,1,2,4,2,1,1,0,2,Technical Writer
IT,2,2,3,3,2,2,3,4,3,0,Networking Engineer
CSE,1,4,2,2,3,2,3,3,1,1,Software Tester
IT,3,2,1,2,4,4,2,4,2,2,API Specialist
CSE,3,4,0,3,4,2,3,2,1,1,Project Manager
CSE,2,3,1,3,4,2,2,0,0,1,Technical Writer
IT,1,2,0,0,3,2,0,1,1,0,Graphics Designer
ECE,2,2,1,0,3,1,2,0,2,0,Graphics Designer
CSE,2,1,2,2,3,4,4,4,1,2,Database Administrator
IT,0,2,0,2,4,0,2,0,0,0,Customer Service Executive
IT,1,3,0,2,4,0,2,3,1,0,Customer Service Executive
CSE,3,2,3,3,2,2,3,3,0,2,Helpdesk Engineer
IT,3,4,2,3,3,3,4,4,3,3,Information Security Specialist
CSE,4,4,2,3,1,3,4,4,1,4,Information Security Specialist
ECE,2,3,1,2,4,1,2,4,1,0,Helpdesk Engineer
ECE,3,3,3,4,2,3,2,2,3,0,Networking Engineer
CSE,3,2,1,2,3,2,4,3,1,1,Application Support Engineer
ECE,2,4,1,2,3,2,1,1,1,1,Project Manager
ECE,2,3,3,3,2,0,4,1,4,0,Hardware Engineer
CSE,1,3,0,2,4,2,1,2,2,0,Customer Service Executive
ECE,2,1,1,1,3,1,0,0,0,0,Graphics Designer
CSE,4,2,3,3,2,3,3,2,1,0,Networking Engineer
IT,4,4,1,4,2,4,4,3,0,1,Software Developer
IT,3,4,1,3,3,2,2,1,0,1,Project Manager
ECE,2,3,4,4,3,1,2,1,4,0,Hardware Engineer
IT,1,3,2,2,4,3,3,4,1,1,Helpdesk Engineer
IT,2,3,1,3,3,4,4,3,1,1,Database Administrator
ECE,1,2,2,0,3,1,1,1,1,1,Graphics Designer
IT,4,4,1,3,3,4,2,0,1,4,Software Developer
CSE,1,3,3,1,4,3,3,2,1,0,Helpdesk Engineer
ECE,4,3,1,1,3,2,4,1,1,0,Database Administrator
IT,2,2,0,0,3,2,0,1,0,0,Customer Service Executive
CSE,3,4,1,2,4,3,1,2,1,2,Technical Writer
ECE,2,4,1,2,4,2,3,3,1,0,Project Manager
CSE,4,3,3,3,2,3,4,4,2,2,Networking Engineer
IT,2,2,4,4,2,2,4,3,3,0,Hardware Engineer
CSE,1,4,0,3,3,2,3,1,0,3,Business Analyst
IT,3,3,3,4,2,3,3,4,3,1,Information Security Specialist
CSE,4,3,1,2,4,2,3,2,1,1,Application Support Engineer
IT,4,4,1,1,3,2,3,3,1,2,Software Tester
CSE,3,3,2,2,2,1,3,3,0,0,Application Support Engineer
CSE,2,4,4,4,2,2,3,1,4,0,Hardware Engineer
CSE,4,2,0,2,3,4,3,4,1,3,API Specialist
IT,0,2,0,1,4,0,0,1,0,0,Customer Service Executive
CSE,4,4,1,2,4,3,3,2,1,1,Software Tester
IT,2,4,2,3,2,3,2,3,1,1,Software Tester
IT,4,2,1,2,2,4,3,3,1,1,API Specialist
CSE,2,3,2,4,2,1,2,3,2,2,Networking Engineer
CSE,3,3,1,2,4,2,2,1,1,1,Project Manager
IT,4,3,2,4,3,3,2,0,1,4,AI/ML Specialist
ECE,3,2,2,2,3,3,4,4,2,1,Cyber Security Specialist
IT,1,2,0,3,2,3,3,1,0,0,Technical Writer
CSE,3,3,1,3,2,3,3,2,0,2,Software Tester
ECE,3,4,2,1,2,3,3,2,1,2,Software Tester
IT,4,3,2,3,4,0,4,3,1,1,Application Support Engineer
ECE,2,2,0,2,3,0,1,0,0,0,Customer Service Executive
CSE,2,4,2,3,4,1,3,3,0,1,Helpdesk Engineer
CSE,2,3,4,4,2,2,2,1,3,1,Hardware Engineer
ECE,3,4,0,3,2,3,4,1,2,2,Software Developer
CSE,4,4,1,3,4,1,3,3,2,0,Helpdesk Engineer
ECE,2,2,1,3,4,0,3,3,1,0,Helpdesk Engineer
CSE,4,3,4,4,2,1,2,1,4,0,Hardware Engineer
IT,2,4,1,3,4,2,2,3,1,1,Project Manager
IT,4,4,2,4,3,4,2,2,1,4,AI/ML Specialist
ECE,2,3,3,2,3,2,3,3,1,0,Helpdesk Engineer
IT,2,3,1,2,4,2,2,1,1,0,Technical Writer
IT,2,2,1,2,4,1,2,2,0,1,Customer Service Executive
IT,1,3,0,1,4,2,1,0,0,0,Customer Service Executive
CSE,4,4,2,3,4,4,3,3,0,4,AI/ML Specialist
IT,0,3,1,1,3,0,1,1,1,0,Graphics Designer
CSE,2,1,4,4,1,1,2,2,3,0,Hardware Engineer
IT,3,4,1,4,4,1,2,2,2,2,Business Analyst
IT,2,2,4,4,2,2,4,3,2,2,Hardware Engineer
IT,4,3,1,2,4,4,3,2,1,2,Software Developer
ECE,4,4,0,4,2,3,4,1,0,4,AI/ML Specialist
CSE,4,4,1,3,4,3,2,2,1,1,Software Developer
ECE,3,3,1,1,4,4,4,3,0,2,Application Support Engineer
IT,3,4,1,4,4,3,4,2,0,4,AI/ML Specialist
ECE,3,3,1,2,2,3,4,4,1,3,Cyber Security Specialist
CSE,2,3,0,2,4,2,2,2,1,1,Project Manager
ECE,1,3,1,1,3,0,1,0,0,0,Graphics Designer
CSE,3,3,0,2,3,4,4,4,1,1,Database Administrator
CSE,2,3,1,4,4,1,2,2,3,2,Business Analyst
CSE,1,4,2,3,4,4,2,2,1,2,Business Analyst
CSE,2,4,1,3,1,2,3,3,1,0,Networking Engineer
IT,3,4,1,2,4,2,3,4,1,1,Application Support Engineer
CSE,0,2,0,2,3,1,0,0,2,0,Graphics Designer
ECE,2,2,1,3,4,2,2,0,0,1,Technical Writer
CSE,3,3,2,4,4,4,4,3,1,2,Information Security Specialist
CSE,3,3,1,1,4,0,3,4,1,1,Helpdesk Engineer
CSE,4,3,2,2,2,4,4,4,0,2,Cyber Security Specialist
ECE,4,4,1,3,3,4,3,1,1,2,Software Developer
CSE,4,4,2,2,3,3,3,2,2,3,Software Developer
ECE,4,4,2,3,3,3,4,2,1,1,Software Developer
CSE,2,4,1,4,4,3,1,2,1,2,Project Manager
IT,1,4,2,2,4,1,3,1,2,1,Project Manager
IT,2,4,3,2,2,2,3,4,3,0,Networking Engineer
IT,4,3,1,2,4,4,3,2,1,1,Software Developer
IT,3,4,1,3,3,2,4,4,1,0,Application Support Engineer
CSE,1,4,0,4,4,2,4,2,2,2,Business Analyst
IT,3,3,1,2,3,4,3,2,2,1,Database Administrator
CSE,4,3,4,2,2,0,3,0,4,0,Hardware Engineer
IT,1,3,2,2,3,0,3,3,1,1,Helpdesk Engineer
CSE,4,4,0,3,2,4,4,1,1,1,Software Developer
CSE,4,3,2,3,4,3,3,4,1,2,API Specialist
CSE,3,4,1,4,4,4,4,2,2,2,Information Security Specialist
ECE,3,3,2,3,2,3,3,3,1,3,Cyber Security Specialist
ECE,4,4,1,4,4,4,3,2,1,3,AI/ML Specialist
CSE,2,3,1,2,3,1,1,1,2,1,Technical Writer
IT,1,2,1,2,4,2,2,1,1,2,Technical Writer
CSE,1,4,0,3,3,2,2,2,0,3,Business Analyst
CSE,3,4,1,2,2,2,3,2,2,2,Software Tester
IT,4,4,1,3,3,4,3,3,1,4,AI/ML Specialist
ECE,2,3,1,3,4,2,0,2,1,1,Project Manager
CSE,3,3,1,2,3,3,4,4,1,2,Cyber Security Specialist
ECE,3,4,2,4,2,3,4,2,1,1,Cyber Security Specialist
ECE,4,3,2,4,3,4,3,4,1,3,API Specialist
IT,3,4,0,4,4,4,3,3,1,4,AI/ML Specialist
CSE,1,2,1,1,4,2,0,0,1,0,Graphics Designer
CSE,2,2,2,2,4,2,3,4,2,1,Helpdesk Engineer
IT,0,1,0,0,2,1,1,0,2,0,Graphics Designer
CSE,3,3,1,2,4,4,4,3,2,2,API Specialist
CSE,2,3,2,2,4,4,4,2,0,2,Database Administrator
CSE,1,2,0,1,4,1,1,1,0,0,Customer Service Executive
CSE,1,3,2,3,3,1,2,2,2,0,Project Manager
IT,4,4,2,4,4,4,2,2,0,4,AI/ML Specialist
IT,2,4,0,3,4,2,3,2,0,1,Business Analyst
IT,3,4,2,2,3,3,3,4,1,2,Information Security Specialist
ECE,3,2,1,2,2,1,4,4,1,0,Application Support Engineer
CSE,2,4,2,2,4,2,2,2,0,1,Project Manager
CSE,1,4,0,3,4,1,2,2,2,2,Business Analyst
IT,3,3,0,3,4,2,2,2,0,2,Project Manager
CSE,3,4,3,2,4,2,4,4,0,2,Information Security Specialist
IT,3,3,1,3,2,3,4,4,1,4,Cyber Security Specialist
IT,3,4,0,3,4,4,3,2,1,3,AI/ML Specialist
ECE,2,1,0,1,3,1,1,1,0,0,Graphics Designer
IT,4,4,3,3,2,3,3,3,2,3,Cyber Security Specialist
CSE,2,3,1,2,2,2,2,0,1,0,Graphics Designer
IT,3,4,0,3,2,4,4,3,0,3,API Specialist
CSE,4,4,1,2,3,4,3,2,2,2,Database Administrator
IT,3,3,2,2,3,1,4,2,0,1,Application Support Engineer
IT,0,2,1,3,4,1,1,1,1,0,Customer Service Executive
CSE,2,3,4,4,2,0,3,3,4,1,Hardware Engineer
IT,2,3,4,3,4,2,3,3,1,2,Cyber Security Specialist
IT,3,3,3,3,4,2,1,3,1,1,Project Manager
ECE,2,3,2,1,3,2,2,2,1,1,Helpdesk Engineer
CSE,3,2,0,1,4,2,4,3,3,0,Application Support Engineer
CSE,3,3,2,2,3,3,4,3,2,2,Cyber Security Specialist
IT,4,3,2,1,3,3,3,3,0,2,API Specialist
CSE,2,4,3,4,3,3,4,4,2,1,Information Security Specialist
CSE,3,3,2,2,3,1,3,2,2,0,Application Support Engineer
IT,3,4,0,4,4,4,1,1,1,3,AI/ML Specialist
CSE,4,3,2,4,3,4,3,1,2,4,AI/ML Specialist
ECE,3,4,2,3,4,3,2,2,1,2,Business Analyst
ECE,4,3,1,1,4,4,4,4,1,2,API Specialist
ECE,2,4,0,1,4,4,4,3,1,1,Database Administrator
IT,2,3,2,2,3,2,3,2,1,0,Helpdesk Engineer
ECE,1,2,2,1,4,0,4,4,0,2,Helpdesk Engineer
CSE,4,4,4,3,3,3,4,4,3,0,Networking Engineer
IT,2,3,1,2,4,0,2,4,2,0,Helpdesk Engineer
IT,4,4,1,3,3,3,3,2,2,2,Software Developer
ECE,1,2,0,1,3,1,1,2,0,0,Customer Service Executive
CSE,3,4,2,1,4,3,4,2,1,1,Software Tester
CSE,4,3,1,3,3,3,3,4,1,1,API Specialist
IT,1,3,4,4,3,2,3,1,3,1,Hardware Engineer
CSE,3,4,1,2,3,2,3,1,1,1,Software Tester
IT,2,0,0,1,1,0,2,0,3,0,Graphics Designer
IT,4,4,0,2,1,4,4,4,2,4,Information Security Specialist
IT,1,4,2,3,3,3,2,2,2,0,Project Manager
CSE,1,2,0,2,4,1,2,0,0,0,Customer Service Executive
CSE,3,2,1,2,4,2,4,4,1,1,Application Support Engineer
IT,3,3,3,4,3,3,3,4,3,1,Networking Engineer
IT,3,4,1,2,4,2,2,1,1,1,Technical Writer
IT,2,3,4,4,3,0,2,3,4,1,Hardware Engineer
IT,2,4,2,3,3,1,1,2,1,3,Technical Writer
IT,2,2,3,4,3,0,2,3,1,1,Networking Engineer
CSE,1,2,0,1,3,0,1,2,0,1,Customer Service Executive
IT,3,4,2,2,3,4,4,4,1,2,Information Security Specialist
IT,4,3,0,1,3,4,3,3,1,2,API Specialist
IT,3,3,2,4,3,3,3,4,1,1,Information Security Specialist
ECE,3,3,4,4,3,1,3,3,4,2,Hardware Engineer
IT,2,3,3,2,2,2,2,4,3,2,Networking Engineer
CSE,3,4,0,2,3,2,4,2,2,2,Application Support Engineer
IT,1,4,2,3,4,1,2,2,1,3,Business Analyst
IT,2,2,1,2,4,2,2,2,0,0,Technical Writer
IT,4,4,2,3,3,2,4,4,3,1,Information Security Specialist
IT,3,1,1,2,3,2,4,3,1,1,Application Support Engineer
IT,1,4,1,3,3,2,3,2,1,1,Business Analyst
IT,3,4,1,4,3,3,4,4,1,3,Cyber Security Specialist
IT,3,3,0,2,3,3,4,3,0,0,Application Support Engineer
IT,0,1,0,3,4,0,1,2,0,1,Customer Service Executive
CSE,2,2,1,1,4,1,0,0,2,0,Graphics Designer
CSE,4,4,2,3,3,4,2,2,2,3,API Specialist
ECE,4,4,2,3,2,3,4,4,1,1,Information Security Specialist
IT,0,2,0,0,4,1,2,2,1,0,Customer Service Executive
ECE,2,4,2,2,3,4,4,3,0,1,Database Administrator
CSE,2,4,2,2,4,0,3,3,0,2,Helpdesk Engineer
CSE,0,1,2,1,4,1,1,0,1,0,Graphics Designer
ECE,3,2,1,2,2,2,2,4,3,2,Networking Engineer
ECE,2,3,1,2,3,2,4,3,1,1,Software Tester
CSE,1,2,0,1,3,0,2,1,2,0,Graphics Designer
IT,3,2,3,4,1,1,3,2,4,1,Hardware Engineer
ECE,2,3,1,1,3,2,4,2,2,2,Application Support Engineer
CSE,1,2,1,1,2,0,3,0,2,0,Graphics Designer
IT,3,3,2,4,2,4,2,2,1,1,Business Analyst
ECE,3,4,2,3,2,3,4,2,1,2,Information Security Specialist
IT,3,3,2,2,3,1,3,4,2,2,Helpdesk Engineer
CSE,3,4,0,4,4,3,2,2,1,1,Business Analyst
IT,4,4,1,2,3,4,4,3,0,2,Database Administrator
ECE,2,2,3,4,2,0,4,3,4,1,Hardware Engineer
CSE,3,3,2,3,3,2,4,3,2,4,AI/ML Specialist
IT,4,3,1,2,3,4,3,4,1,2,API Specialist
CSE,3,2,1,2,4,0,3,1,1,1,Technical Writer
ECE,3,3,1,3,4,4,4,3,1,1,Database Administrator
IT,2,3,1,2,2,2,2,3,2,0,Application Support Engineer
CSE,2,4,2,4,4,2,2,2,2,0,Project Manager
IT,2,4,1,2,3,3,4,3,2,3,Cyber Security Specialist
CSE,2,3,2,1,3,4,4,3,1,1,Database Administrator
CSE,4,4,3,2,3,4,3,3,1,2,Software Developer
CSE,4,3,0,2,4,3,3,4,1,3,API Specialist
IT,2,3,3,4,2,1,2,4,3,1,Networking Engineer
CSE,4,4,0,3,3,4,4,4,1,3,API Specialist
IT,2,3,0,1,4,2,3,0,2,1,Technical Writer
CSE,3,4,2,3,4,2,4,3,1,2,Information Security Specialist
CSE,4,4,0,2,3,3,3,2,2,2,Software Tester
CSE,2,4,2,4,4,3,1,3,1,1,Project Manager
ECE,2,3,2,2,4,2,3,3,2,0,Helpdesk Engineer
ECE,2,3,2,3,3,3,3,4,2,3,Networking Engineer
CSE,3,4,1,4,1,3,4,2,1,2,Software Tester
CSE,3,4,2,3,3,4,4,4,1,1,Cyber Security Specialist
CSE,3,4,0,1,2,3,2,4,2,0,Software Tester
ECE,1,2,2,1,3,1,0,0,2,0,Graphics Designer
IT,3,4,0,2,4,4,4,4,1,0,Database Administrator
CSE,3,4,0,4,2,4,3,2,1,3,AI/ML Specialist
CSE,3,3,1,4,3,4,3,2,0,0,Software Developer
CSE,3,3,3,2,1,2,4,4,4,2,Networking Engineer
CSE,3,3,1,1,3,1,4,4,0,2,Application Support Engineer
IT,3,3,1,2,3,4,3,3,0,2,Database Administrator
ECE,4,4,3,3,2,3,4,3,2,1,Information Security Specialist
ECE,3,3,2,2,3,2,4,3,1,1,Application Support Engineer
IT,3,3,1,1,2,4,4,4,1,1,Database Administrator
IT,3,4,1,2,3,3,4,4,1,1,Cyber Security Specialist
IT,0,3,1,2,4,1,0,0,1,0,Graphics Designer
CSE,4,3,1,4,4,3,4,3,2,2,Database Administrator
ECE,2,3,1,1,3,3,2,3,0,2,API Specialist
IT,2,3,3,3,3,1,2,3,1,1,Helpdesk Engineer
CSE,2,2,2,2,2,2,4,3,2,0,Application Support Engineer
ECE,2,3,3,4,2,0,2,1,4,0,Hardware Engineer
CSE,3,3,2,1,3,3,4,4,0,0,Database Administrator
ECE,1,2,0,0,4,2,1,0,0,0,Graphics Designer
CSE,3,4,0,2,4,2,3,3,2,3,Software Tester
IT,3,2,1,2,3,4,4,2,2,0,Database Administrator
ECE,1,0,1,1,3,1,2,0,0,0,Graphics Designer
IT,3,4,2,3,4,3,4,3,0,2,Cyber Security Specialist
IT,4,3,2,2,3,4,3,3,1,3,API Specialist
CSE,3,4,1,2,4,4,2,2,1,0,Software Tester
CSE,3,4,1,3,3,3,4,4,2,3,Information Security Specialist
CSE,4,3,2,4,3,3,2,2,1,3,API Specialist
CSE,1,2,4,4,0,0,4,2,4,2,Hardware Engineer
IT,1,2,0,2,3,0,1,0,1,0,Graphics Designer
CSE,2,3,1,2,3,3,3,3,0,1,Database Administrator
CSE,4,4,2,4,2,4,4,3,0,2,Cyber Security Specialist
IT,1,1,2,0,4,0,1,1,0,0,Customer Service Executive
IT,3,4,3,3,2,2,4,3,2,1,Networking Engineer
IT,4,4,1,3,4,4,3,1,1,1,Software Developer
CSE,1,2,0,0,4,0,1,2,0,0,Customer Service Executive
CSE,4,3,2,2,4,4,1,4,0,1,API Specialist
ECE,2,3,1,2,4,3,2,0,2,1,Software Tester
ECE,4,3,0,1,3,4,4,4,2,2,Database Administrator
IT,2,3,0,2,4,1,2,1,1,2,Business Analyst
IT,4,3,1,4,3,3,3,2,2,4,AI/ML Specialist
IT,2,3,4,4,2,0,4,1,4,2,Hardware Engineer
IT,1,4,0,2,4,3,2,1,1,1,Project Manager
IT,4,4,0,1,3,4,3,2,1,3,API Specialist
CSE,2,3,2,3,4,3,2,1,1,2,Business Analyst
IT,2,4,2,3,2,3,4,1,0,1,Software Tester
IT,0,4,1,3,4,1,2,1,3,1,Business Analyst
CSE,3,3,1,2,3,4,2,3,1,0,Software Tester
IT,3,3,1,3,2,4,4,4,1,3,Cyber Security Specialist
IT,4,4,2,4,1,2,3,4,2,2,Networking Engineer
CSE,3,3,2,0,4,4,4,2,1,0,Software Tester
IT,3,3,2,3,2,3,4,4,2,2,Information Security Specialist
IT,2,3,1,4,4,2,2,2,1,2,Business Analyst
IT,2,1,0,0,4,1,1,2,0,0,Customer Service Executive
ECE,4,4,1,3,1,4,3,2,1,1,API Specialist
IT,1,4,1,1,4,1,2,1,0,1,Business Analyst
IT,1,3,1,2,4,3,1,1,1,0,Customer Service Executive
IT,4,3,3,3,2,1,4,4,3,1,Networking Engineer
IT,3,4,0,3,2,4,2,2,2,3,Software Developer
IT,2,4,1,3,4,3,4,4,3,1,Information Security Specialist
ECE,4,4,1,2,4,4,3,2,2,3,Software Developer
IT,2,3,4,4,2,2,3,2,4,1,Hardware Engineer
ECE,4,1,0,2,4,3,4,3,1,1,Database Administrator
ECE,3,3,1,2,4,4,3,2,0,0,Software Tester
ECE,0,1,0,0,3,2,3,0,1,1,Graphics Designer
CSE,2,4,2,4,3,1,4,4,2,3,Information Security Specialist
ECE,3,3,1,3,2,2,4,4,1,2,Cyber Security Specialist
CSE,4,3,1,3,3,3,3,4,1,1,API Specialist
IT,2,4,0,4,3,2,3,1,3,2,Project Manager
CSE,3,3,1,3,3,1,3,4,3,1,Networking Engineer
ECE,4,4,0,3,3,4,4,4,1,0,Database Administrator
IT,3,4,2,3,4,2,2,3,0,3,Business Analyst
IT,2,3,2,4,3,3,4,4,1,2,Cyber Security Specialist
IT,1,1,3,3,2,2,2,4,2,2,Networking Engineer
CSE,3,3,0,2,3,4,3,3,1,1,Database Administrator
IT,2,3,2,2,2,1,3,4,2,1,Networking Engineer
ECE,0,1,0,1,4,2,2,2,0,0,Customer Service Executive
ECE,4,3,2,3,2,1,4,3,1,2,Application Support Engineer
IT,0,2,1,2,3,0,0,0,0,1,Graphics Designer
IT,2,4,2,3,3,2,4,4,3,2,Information Security Specialist
ECE,2,3,1,1,3,0,3,1,1,0,Technical Writer
ECE,4,4,1,4,3,4,3,2,2,3,AI/ML Specialist
ECE,4,4,1,4,1,4,3,3,1,4,AI/ML Specialist
CSE,3,4,2,3,4,3,2,2,1,1,Software Tester
CSE,1,3,0,2,4,2,4,1,1,0,Technical Writer
CSE,3,2,1,1,3,4,3,4,0,3,API Specialist
ECE,1,3,4,4,3,0,4,2,4,2,Hardware Engineer
ECE,2,4,2,1,4,3,3,3,1,2,Helpdesk Engineer
CSE,1,4,4,4,1,1,4,2,4,2,Hardware Engineer
CSE,3,4,1,2,3,3,3,1,1,1,Software Tester
IT,3,4,3,2,2,2,4,4,1,2,Information Security Specialist
IT,3,3,2,2,1,2,3,3,1,1,Networking Engineer
IT,3,4,2,2,3,4,3,3,0,2,API Specialist
IT,2,4,2,1,2,2,4,4,1,2,Cyber Security Specialist
CSE,2,2,1,1,4,1,4,3,0,1,Application Support Engineer
IT,2,2,2,1,3,2,3,4,2,1,Helpdesk Engineer
ECE,3,4,1,2,3,2,1,3,1,0,Project Manager
CSE,1,3,1,1,3,2,3,0,1,1,Technical Writer
IT,4,3,1,4,3,4,3,2,1,2,Software Developer
CSE,4,3,2,3,3,4,3,4,2,3,Information Security Specialist
IT,2,2,1,2,4,2,4,3,1,0,Database Administrator
CSE,4,3,2,2,3,3,4,3,0,0,Database Administrator
IT,2,3,0,3,4,1,3,3,2,2,Application Support Engineer
IT,1,3,1,2,4,1,2,2,1,0,Technical Writer
CSE,0,2,1,1,4,1,0,0,0,0,Customer Service Executive
IT,1,1,1,0,4,3,0,0,2,0,Graphics Designer
CSE,1,2,2,1,2,0,2,0,2,0,Graphics Designer
CSE,2,3,1,1,4,3,2,0,1,2,Technical Writer
ECE,4,3,3,3,1,1,2,4,1,0,Networking Engineer
ECE,3,4,1,3,3,3,1,2,1,2,Project Manager
CSE,3,4,4,2,3,3,3,4,0,2,Information Security Specialist
IT,4,2,2,1,2,3,3,3,1,0,Software Tester
CSE,4,2,3,2,3,4,2,2,2,2,API Specialist
IT,3,3,0,4,4,3,2,2,0,2,Business Analyst
IT,3,4,0,4,4,2,3,2,1,2,Business Analyst
IT,3,4,2,4,3,3,4,3,2,2,Information Security Specialist
IT,3,4,2,3,3,2,4,3,2,0,Application Support Engineer
IT,1,3,2,1,4,2,3,3,2,1,Helpdesk Engineer
CSE,4,4,1,3,4,2,3,3,0,0,Software Tester
CSE,3,3,3,3,3,2,4,4,2,3,Networking Engineer
ECE,3,4,1,3,3,4,3,2,1,1,Database Administrator
CSE,0,2,4,4,2,1,2,2,4,1,Hardware Engineer
ECE,2,2,4,4,1,2,2,4,4,1,Hardware Engineer
IT,4,3,1,3,3,3,3,3,2,1,Software Tester
ECE,2,4,1,2,3,3,2,1,1,1,Technical Writer
IT,2,3,1,2,2,3,4,2,0,1,Software Tester
CSE,0,2,1,1,3,1,1,0,1,1,Graphics Designer
ECE,3,3,1,1,3,1,2,2,2,1,Technical Writer
CSE,4,3,2,2,4,2,3,4,1,1,Helpdesk Engineer
CSE,3,3,2,2,1,3,4,3,1,0,Application Support Engineer
CSE,3,4,3,2,4,2,2,2,1,1,Helpdesk Engineer
ECE,4,2,0,2,3,3,4,3,0,2,Application Support Engineer
IT,3,4,1,3,4,4,3,2,0,2,Software Developer
CSE,4,4,3,4,3,4,3,2,2,2,Information Security Specialist
IT,4,4,2,2,2,4,2,3,2,2,Software Developer
ECE,4,3,1,2,4,4,3,3,2,2,API Specialist
CSE,4,4,1,4,4,3,2,3,0,4,AI/ML Specialist
ECE,2,2,1,2,1,2,1,0,0,1,Technical Writer
IT,4,3,2,2,4,3,4,4,0,3,API Specialist
ECE,3,4,2,3,3,4,4,4,1,3,Cyber Security Specialist
ECE,3,4,4,3,1,1,3,2,4,1,Hardware Engineer
IT,4,2,1,4,3,0,4,4,1,2,Application Support Engineer
ECE,2,4,2,3,2,3,3,3,2,1,Information Security Specialist
ECE,2,4,2,3,4,1,3,2,2,2,Project Manager
IT,1,2,1,2,3,0,2,0,1,0,Graphics Designer
ECE,4,4,2,3,3,3,4,4,0,2,Cyber Security Specialist
ECE,3,3,1,2,3,2,3,3,1,1,Application Support Engineer
CSE,3,2,1,1,2,4,3,2,2,1,Database Administrator
CSE,2,3,0,2,3,3,4,4,1,0,Database Administrator
CSE,2,4,1,2,2,1,3,3,0,1,Software Tester
CSE,3,3,1,1,3,4,3,3,2,3,API Specialist
IT,1,2,0,3,4,0,2,0,1,0,Graphics Designer
IT,3,4,1,3,4,3,4,2,0,2,Software Tester
CSE,1,3,0,1,4,0,1,0,0,0,Customer Service Executive
IT,3,3,0,3,4,0,4,4,0,2,Application Support Engineer
CSE,1,3,2,3,3,3,2,3,2,0,Project Manager
CSE,3,4,1,2,3,2,3,2,0,1,Software Tester
CSE,2,4,3,2,4,1,3,4,0,1,Helpdesk Engineer
CSE,1,2,1,2,3,0,1,0,0,1,Customer Service Executive
ECE,4,3,1,1,3,3,1,4,1,1,API Specialist
IT,4,4,2,3,2,2,2,3,1,2,Software Developer
CSE,2,2,0,0,4,1,2,2,0,0,Customer Service Executive
IT,4,3,1,2,4,4,3,3,0,3,API Specialist
IT,2,3,1,3,1,4,4,4,0,2,Cyber Security Specialist
IT,4,3,1,1,4,3,4,4,1,1,Database Administrator
ECE,4,4,1,3,4,4,4,2,0,2,Software Developer
CSE,3,4,4,2,2,0,4,2,4,1,Hardware Engineer
IT,2,4,1,3,3,2,2,1,0,1,Business Analyst
IT,1,2,1,3,4,2,3,4,1,1,Application Support Engineer
IT,1,4,1,2,2,3,3,1,0,1,Software Tester
IT,2,3,0,1,3,2,4,3,0,0,Application Support Engineer
ECE,3,3,3,4,4,3,4,4,2,1,Information Security Specialist
IT,2,2,1,3,4,3,2,1,2,0,Technical Writer
IT,4,4,1,4,2,4,2,1,1,4,AI/ML Specialist
ECE,3,4,1,1,3,3,3,1,1,1,Software Tester
ECE,3,4,3,3,3,3,3,3,0,2,Cyber Security Specialist
CSE,3,4,4,4,2,1,3,2,4,0,Hardware Engineer
IT,4,2,1,1,2,4,3,4,0,2,API Specialist
IT,3,4,1,3,4,0,2,2,1,3,Business Analyst
CSE,2,3,0,1,4,1,0,3,0,0,Customer Service Executive
CSE,2,3,1,2,3,0,2,1,2,0,Graphics Designer
CSE,1,3,1,0,3,1,0,1,1,0,Graphics Designer
IT,1,2,0,1,2,2,2,0,0,0,Customer Service Executive
ECE,1,2,0,1,4,1,1,0,0,1,Customer Service Executive
IT,4,3,1,3,4,3,4,2,2,3,Software Developer
ECE,2,2,1,4,4,0,3,2,2,0,Helpdesk Engineer
CSE,2,4,0,2,2,2,2,2,1,2,Software Tester
ECE,4,3,1,3,2,4,4,4,2,1,Database Administrator
ECE,4,4,1,4,2,4,3,3,1,3,AI/ML Specialist
CSE,3,4,1,3,3,3,4,4,2,3,Information Security Specialist
CSE,0,4,3,1,4,1,2,2,1,1,Helpdesk Engineer
ECE,1,4,0,3,4,1,2,3,1,1,Business Analyst
IT,4,4,0,1,1,1,4,3,1,1,Application Support Engineer
CSE,3,4,1,4,2,3,4,3,2,4,AI/ML Specialist
CSE,4,4,1,2,2,4,3,3,0,3,API Specialist
IT,2,4,2,3,2,3,3,4,4,2,Information Security Specialist
ECE,3,1,0,0,4,1,1,1,0,0,Customer Service Executive
IT,4,3,1,2,3,3,3,3,1,1,API Specialist
IT,4,4,1,4,4,4,3,3,0,4,AI/ML Specialist
IT,1,1,0,0,3,1,1,1,1,1,Customer Service Executive
CSE,4,4,0,2,2,3,3,3,3,2,API Specialist
ECE,2,3,0,0,2,1,1,0,1,0,Graphics Designer
CSE,3,4,2,2,4,1,3,2,1,0,Helpdesk Engineer
ECE,4,2,3,2,3,2,3,4,2,1,Networking Engineer
ECE,2,4,3,2,2,4,3,1,1,1,Software Tester
ECE,3,2,0,3,4,4,3,4,0,1,Database Administrator
ECE,3,3,3,2,2,2,3,4,3,1,Networking Engineer
IT,4,3,0,1,4,4,3,0,1,2,Software Developer
ECE,1,3,0,1,4,0,3,2,2,0,Technical Writer
CSE,4,4,2,0,3,3,4,4,1,3,Cyber Security Specialist
ECE,2,3,2,2,3,1,3,3,2,1,Helpdesk Engineer
ECE,3,4,1,1,3,0,4,4,0,2,Application Support Engineer
CSE,2,4,1,3,2,2,3,4,1,2,Cyber Security Specialist
IT,1,4,3,4,3,2,2,1,0,2,Project Manager
IT,2,4,0,2,3,2,2,3,1,2,Business Analyst
IT,0,3,0,1,4,1,2,0,1,1,Customer Service Executive
IT,2,3,0,1,4,1,2,0,1,0,Technical Writer
ECE,1,1,1,1,4,1,0,2,1,1,Customer Service Executive
CSE,2,4,3,4,4,1,3,3,2,0,Helpdesk Engineer
IT,2,3,4,3,2,0,1,1,4,0,Hardware Engineer
ECE,3,3,2,1,3,4,4,4,1,2,API Specialist
CSE,3,3,4,3,2,2,3,2,4,1,Hardware Engineer
ECE,4,3,2,1,3,2,4,4,1,2,Information Security Specialist
IT,1,4,1,4,3,4,4,4,2,2,Information Security Specialist
ECE,4,3,1,4,3,4,4,2,1,4,AI/ML Specialist
ECE,3,4,0,3,2,4,4,1,0,4,AI/ML Specialist
IT,4,3,1,2,2,4,3,3,0,2,API Specialist
IT,1,2,0,1,4,2,1,1,0,0,Customer Service Executive
CSE,4,2,1,2,2,3,3,3,1,1,Database Administrator
ECE,4,3,3,3,2,1,3,4,2,0,Networking Engineer
CSE,4,4,2,4,4,4,3,3,1,4,AI/ML Specialist
CSE,4,3,1,3,4,4,3,2,2,2,Software Developer
IT,2,4,1,2,3,3,4,2,0,2,Software Developer
IT,4,4,0,1,3,2,2,2,1,0,Software Tester
CSE,3,4,2,2,2,3,4,3,0,1,Software Tester
ECE,2,4,1,4,4,3,1,3,0,0,Project Manager
IT,2,1,2,1,3,0,3,2,1,0,Helpdesk Engineer
ECE,2,2,1,2,3,1,4,3,1,1,Application Support Engineer
IT,2,4,2,3,4,2,3,2,1,1,Project Manager
ECE,3,3,2,1,2,2,3,2,2,1,Software Tester
IT,2,2,4,3,0,0,2,2,4,1,Hardware Engineer
ECE,4,4,4,4,2,3,3,3,4,2,Hardware Engineer
CSE,4,4,3,3,4,3,4,3,1,2,Information Security Specialist
CSE,2,4,1,2,3,3,3,4,2,2,Information Security Specialist
ECE,3,4,2,4,2,4,3,1,1,3,Software Developer
ECE,2,4,3,3,3,4,4,3,1,2,Cyber Security Specialist
CSE,2,2,0,3,3,1,4,4,1,1,Application Support Engineer
IT,4,4,1,4,4,4,4,0,2,4,AI/ML Specialist
ECE,4,4,2,4,3,4,3,3,1,4,AI/ML Specialist
CSE,4,3,2,2,3,1,4,4,1,1,Networking Engineer
IT,2,2,0,1,2,2,1,1,0,0,Customer Service Executive
ECE,4,3,2,2,4,3,3,1,1,1,Software Tester
CSE,4,4,0,4,3,4,3,3,0,2,AI/ML Specialist
IT,4,4,2,2,2,3,3,3,1,2,Cyber Security Specialist
ECE,2,2,0,2,4,2,4,3,0,1,Application Support Engineer
CSE,3,3,2,3,4,2,3,3,1,1,Cyber Security Specialist
CSE,1,2,0,1,4,1,1,2,0,0,Customer Service Executive
IT,4,4,0,3,3,3,3,2,3,3,AI/ML Specialist
ECE,4,3,2,2,3,4,4,3,2,0,Database Administrator
IT,3,3,4,4,2,0,3,3,4,1,Hardware Engineer
IT,2,3,3,1,2,2,4,3,0,1,Application Support Engineer
CSE,4,3,1,4,2,3,3,2,1,3,AI/ML Specialist
ECE,4,4,1,2,3,2,4,1,2,2,Software Tester
IT,4,4,1,4,4,4,4,2,1,3,AI/ML Specialist
ECE,3,4,1,3,3,2,3,3,1,2,Application Support Engineer
ECE,2,3,4,4,2,1,3,3,3,0,Hardware Engineer
ECE,4,2,1,2,4,4,4,3,2,2,API Specialist
CSE,4,3,2,2,3,4,4,3,0,3,API Specialist
ECE,3,4,1,2,4,3,3,1,0,2,Software Tester
CSE,2,3,2,1,4,0,2,4,1,0,Helpdesk Engineer
IT,4,4,2,2,3,4,4,3,0,1,Database Administrator
IT,2,4,0,3,3,2,3,3,0,1,Project Manager
IT,1,4,1,3,4,1,3,1,2,1,Project Manager
CSE,4,4,1,3,4,4,3,1,1,2,Software Developer
CSE,0,2,0,1,4,1,2,1,1,0,Customer Service Executive
IT,4,3,0,3,3,4,4,4,0,3,API Specialist
ECE,2,4,2,2,2,3,4,4,1,2,Cyber Security Specialist
ECE,2,4,2,3,4,2,3,2,2,2,Project Manager
IT,0,4,0,0,4,1,1,1,0,0,Customer Service Executive
IT,2,2,2,2,4,2,2,1,1,2,Technical Writer
ECE,1,1,1,2,3,2,0,2,0,0,Customer Service Executive
CSE,1,3,2,3,4,2,4,3,1,1,Information Security Specialist
IT,3,3,4,4,3,1,4,2,3,2,Hardware Engineer
ECE,3,4,1,3,2,3,4,4,2,2,Information Security Specialist
ECE,4,3,3,4,3,4,3,2,0,4,AI/ML Specialist
ECE,2,4,2,4,2,4,4,3,2,1,Information Security Specialist
CSE,4,4,1,4,4,3,3,2,2,2,AI/ML Specialist
IT,2,4,2,3,3,4,4,4,1,1,Cyber Security Specialist
ECE,2,3,3,2,4,3,4,3,1,2,Application Support Engineer
IT,2,4,4,4,1,2,3,1,4,2,Hardware Engineer
IT,3,4,1,3,4,1,3,4,1,0,Application Support Engineer
CSE,2,4,1,1,3,1,4,4,1,0,Helpdesk Engineer
CSE,3,2,1,2,4,2,3,3,1,1,Helpdesk Engineer
ECE,3,3,1,2,2,3,4,3,1,0,Database Administrator
IT,2,3,1,3,4,3,2,2,1,0,Project Manager
IT,4,4,1,4,4,4,3,3,2,3,AI/ML Specialist
IT,3,4,2,4,3,2,3,3,2,4,AI/ML Specialist
IT,4,3,0,1,2,3,4,3,1,2,API Specialist
IT,3,2,2,1,3,3,4,4,1,3,API Specialist
CSE,4,4,1,4,4,4,4,1,0,2,AI/ML Specialist
CSE,1,2,1,0,4,2,0,2,0,0,Customer Service Executive
IT,4,4,0,4,3,4,3,1,2,4,AI/ML Specialist
IT,4,4,1,2,2,4,4,3,1,3,Software Developer
IT,1,2,2,4,4,2,0,2,0,2,Project Manager
ECE,3,3,1,2,3,4,2,2,1,0,API Specialist
ECE,4,4,2,0,2,4,4,3,0,3,API Specialist
IT,2,2,0,1,3,2,0,0,1,1,Graphics Designer
ECE,3,3,1,2,3,4,4,4,2,1,Database Administrator
ECE,4,3,2,3,3,4,3,3,2,1,API Specialist
CSE,3,4,0,4,3,2,2,2,1,4,AI/ML Specialist
CSE,3,2,1,2,4,1,2,1,0,2,Technical Writer
CSE,1,2,1,4,3,3,2,2,0,0,Project Manager
IT,1,1,0,2,4,1,1,1,0,0,Customer Service Executive
CSE,4,4,1,4,3,4,3,1,0,4,Software Developer
ECE,1,1,1,2,4,2,1,0,1,0,Graphics Designer
CSE,4,4,2,3,2,4,4,2,2,3,API Specialist
CSE,4,2,0,2,3,4,3,3,2,0,API Specialist
ECE,1,4,0,2,3,2,2,2,2,2,Business Analyst
CSE,1,4,2,4,4,3,3,3,2,0,Project Manager
IT,3,2,1,2,3,3,4,2,1,1,Database Administrator
CSE,2,3,2,2,3,1,3,4,0,1,Helpdesk Engineer
ECE,4,4,1,4,3,4,3,3,1,4,AI/ML Specialist
IT,2,4,1,2,4,3,1,1,0,1,Technical Writer
IT,3,4,3,4,4,3,4,3,1,3,Cyber Security Specialist
ECE,3,4,2,4,2,4,4,4,3,3,Information Security Specialist
ECE,4,4,2,4,3,2,2,2,0,4,AI/ML Specialist
IT,3,4,1,4,4,2,1,1,1,3,Business Analyst
ECE,4,3,1,4,2,4,3,2,1,4,AI/ML Specialist
CSE,4,4,1,2,2,3,3,1,1,1,Software Tester
IT,2,4,3,1,4,1,1,3,1,0,Helpdesk Engineer
CSE,0,2,2,0,3,1,0,0,2,0,Graphics Designer
ECE,4,4,1,4,3,4,3,1,1,2,Software Developer
CSE,4,3,1,3,4,4,3,2,1,2,Software Developer
IT,3,4,1,2,4,2,2,4,2,0,Project Manager
CSE,2,2,3,3,1,4,4,2,1,0,Database Administrator
IT,1,3,2,1,3,1,1,0,1,1,Graphics Designer
ECE,1,4,0,3,4,2,2,2,1,1,Business Analyst
IT,4,4,1,2,3,4,3,4,1,1,API Specialist
CSE,2,4,1,4,4,2,3,2,2,1,Project Manager
IT,2,3,0,3,2,2,3,3,0,0,Application Support Engineer
CSE,3,3,1,1,3,2,3,3,0,1,Helpdesk Engineer
IT,4,4,1,4,3,3,3,2,0,4,AI/ML Specialist
CSE,2,4,1,4,3,1,2,1,1,0,Project Manager
CSE,2,4,2,2,3,4,4,4,1,2,Cyber Security Specialist
IT,3,3,1,1,3,4,3,1,2,3,API Specialist
IT,3,4,3,4,2,2,3,4,2,2,Networking Engineer
ECE,2,4,1,3,4,2,3,1,0,0,Technical Writer
CSE,4,3,2,3,3,4,3,1,0,4,AI/ML Specialist
IT,4,4,1,4,1,4,3,2,0,4,AI/ML Specialist
CSE,2,4,3,2,0,2,3,4,0,1,Networking Engineer
CSE,4,4,1,4,2,3,2,1,0,1,Software Developer
ECE,2,4,1,3,4,3,2,1,2,3,Business Analyst
IT,4,4,3,2,3,3,4,4,3,1,Cyber Security Specialist
CSE,2,4,0,2,2,3,4,2,1,2,Software Tester
CSE,3,4,1,3,4,1,3,2,1,1,Project Manager
ECE,4,4,1,4,2,4,1,2,1,3,AI/ML Specialist
IT,4,4,4,2,1,3,4,4,2,1,Networking Engineer
CSE,3,2,3,4,1,1,3,2,3,1,Hardware Engineer
IT,3,3,4,4,2,1,3,3,4,0,Hardware Engineer
CSE,3,2,1,3,3,2,3,3,1,0,Helpdesk Engineer
ECE,4,4,1,4,3,4,3,3,1,3,AI/ML Specialist
CSE,3,4,2,3,2,4,4,4,2,1,Information Security Specialist
IT,2,4,3,4,2,4,4,3,1,3,Cyber Security Specialist
CSE,3,2,2,1,3,2,2,1,1,3,Technical Writer
CSE,2,3,4,4,2,3,2,2,4,1,Hardware Engineer
ECE,2,3,1,3,4,4,4,0,1,2,Database Administrator
CSE,2,4,1,2,2,3,2,1,1,0,Technical Writer
IT,4,4,2,2,3,3,4,4,1,1,Information Security Specialist
CSE,3,3,1,4,4,2,2,2,1,0,Project Manager
ECE,3,1,4,3,1,3,2,3,0,2,Networking Engineer
IT,2,4,0,3,3,3,2,2,1,1,Business Analyst
CSE,4,3,1,1,3,4,3,3,1,2,Software Developer
IT,3,4,4,4,3,3,4,4,1,2,Information Security Specialist
CSE,2,3,3,4,3,3,4,4,2,2,Information Security Specialist
CSE,3,3,1,4,3,3,2,2,3,3,AI/ML Specialist
IT,4,4,2,3,4,2,4,4,2,1,Cyber Security Specialist
IT,1,3,2,1,2,3,3,4,1,2,Information Security Specialist
IT,3,3,2,1,4,4,4,2,0,1,Database Administrator
CSE,4,4,0,4,4,4,3,3,2,4,AI/ML Specialist
ECE,2,2,2,2,2,4,3,2,2,2,Database Administrator
IT,3,4,2,3,4,3,4,4,2,2,Information Security Specialist
CSE,4,2,0,2,3,4,3,4,1,4,API Specialist
ECE,4,0,1,1,4,4,3,3,1,2,API Specialist
CSE,3,2,4,3,1,0,2,2,4,2,Hardware Engineer
IT,4,3,1,1,3,2,4,3,0,1,Application Support Engineer
ECE,3,4,3,2,2,2,3,4,2,0,Networking Engineer
CSE,1,3,1,1,2,2,2,3,1,0,Helpdesk Engineer
CSE,3,4,0,2,3,2,3,3,1,3,Software Tester
CSE,3,3,2,3,2,1,4,3,2,1,Networking Engineer
IT,2,4,1,3,4,2,1,2,1,2,Project Manager
IT,3,4,2,2,4,3,4,4,2,2,Information Security Specialist
CSE,4,4,2,4,3,4,3,2,2,4,AI/ML Specialist
CSE,2,4,0,3,4,2,2,2,1,2,Business Analyst
ECE,3,4,1,4,4,3,4,4,1,2,Cyber Security Specialist
ECE,4,2,1,2,2,2,4,3,0,0,Application Support Engineer
IT,1,2,2,1,3,0,1,0,1,0,Graphics Designer
ECE,2,4,1,2,4,1,3,2,2,2,Business Analyst
ECE,0,1,2,2,3,2,1,1,1,0,Graphics Designer
IT,2,4,2,1,3,1,1,0,2,0,Graphics Designer
ECE,3,4,2,3,3,4,3,2,1,2,Software Developer
IT,1,3,2,2,4,0,3,3,0,1,Helpdesk Engineer
ECE,2,4,1,4,3,2,1,1,1,3,Business Analyst
CSE,3,3,2,3,3,3,4,4,3,2,Information Security Specialist
CSE,4,4,0,2,4,3,3,2,1,1,Software Tester
CSE,3,3,3,2,4,0,3,2,1,1,Helpdesk Engineer
ECE,1,2,1,2,3,1,0,0,0,1,Graphics Designer
CSE,1,1,0,1,3,1,1,0,0,0,Customer Service Executive
CSE,3,4,2,2,4,3,4,4,2,2,Cyber Security Specialist
CSE,1,4,1,1,2,2,2,2,2,1,Software Tester
CSE,4,4,1,1,3,4,4,2,1,0,Database Administrator
CSE,3,4,1,3,2,2,2,3,1,3,Cyber Security Specialist
IT,1,2,0,2,4,0,1,1,1,0,Customer Service Executive
ECE,2,3,1,2,4,3,3,2,0,1,Helpdesk Engineer
ECE,2,4,2,3,3,4,4,4,0,2,Cyber Security Specialist
ECE,3,2,3,4,1,2,3,4,3,1,Networking Engineer
ECE,2,4,3,2,3,2,2,4,2,2,Networking Engineer
IT,0,4,2,1,4,1,3,3,2,1,Helpdesk Engineer
CSE,1,4,4,4,2,1,4,3,4,1,Hardware Engineer
IT,2,3,1,3,3,1,4,4,0,0,Application Support Engineer
CSE,2,4,2,3,3,4,4,4,2,2,Cyber Security Specialist
IT,2,4,2,2,3,2,1,2,1,2,Project Manager
ECE,3,4,0,2,3,2,4,3,1,0,Application Support Engineer
ECE,1,0,1,1,3,0,0,0,2,0,Graphics Designer
ECE,3,3,1,3,3,4,4,3,0,2,Database Administrator
IT,3,4,2,4,2,4,4,4,2,0,Cyber Security Specialist
CSE,3,3,3,3,1,0,3,2,3,1,Hardware Engineer
IT,1,1,1,2,2,1,1,1,0,0,Graphics Designer
IT,2,4,0,3,4,2,1,2,1,1,Project Manager
IT,1,3,3,3,2,3,3,2,2,3,Networking Engineer
ECE,2,4,2,3,4,1,3,2,1,2,Project Manager
ECE,2,2,4,2,1,1,2,4,1,0,Networking Engineer
CSE,4,4,0,4,3,3,3,2,0,1,Software Developer
ECE,4,4,4,3,4,3,3,4,2,1,Information Security Specialist
CSE,4,3,2,3,3,4,3,3,2,2,Software Developer
IT,4,4,0,4,2,4,4,2,2,2,Software Developer
ECE,2,3,1,2,4,1,3,2,1,2,Helpdesk Engineer
CSE,1,3,1,1,1,1,1,0,1,1,Graphics Designer
CSE,4,4,0,4,4,4,4,1,1,2,AI/ML Specialist
ECE,2,3,2,2,4,2,3,3,0,0,Helpdesk Engineer
IT,2,2,2,1,3,3,4,3,2,1,Database Administrator
CSE,3,4,2,2,3,4,4,4,3,2,Information Security Specialist
IT,3,4,2,3,3,3,4,4,1,4,Cyber Security Specialist
CSE,0,4,1,2,4,2,1,1,0,2,Project Manager
IT,4,4,1,4,3,4,3,1,2,3,AI/ML Specialist
IT,4,2,2,2,2,4,2,2,1,4,API Specialist
IT,2,2,2,4,4,2,3,3,2,1,Helpdesk Engineer
CSE,2,3,1,1,2,3,1,1,1,0,Graphics Designer
ECE,4,4,1,3,3,4,3,1,1,2,Software Developer
ECE,3,2,1,3,4,3,3,3,1,1,Database Administrator
CSE,3,3,3,2,2,0,3,3,1,0,Helpdesk Engineer
IT,2,1,0,2,4,2,2,1,0,0,Customer Service Executive
ECE,4,3,0,2,4,2,3,2,1,1,Software Tester
IT,3,3,1,0,3,4,4,2,1,1,Application Support Engineer
ECE,2,4,1,3,4,2,3,2,1,2,Business Analyst
ECE,1,3,4,4,1,1,4,1,2,2,Hardware Engineer
CSE,1,3,1,0,4,1,1,0,1,0,Graphics Designer
IT,4,3,0,1,4,4,4,3,2,1,Database Administrator
ECE,2,2,1,2,4,2,2,2,3,0,Technical Writer
CSE,2,4,1,2,4,2,2,3,1,1,Business Analyst
ECE,4,2,3,4,2,1,2,4,1,2,Networking Engineer
ECE,3,4,4,2,3,3,4,2,3,1,Networking Engineer
CSE,2,3,2,3,4,1,1,2,1,1,Project Manager
IT,4,4,2,2,3,2,3,4,1,3,Cyber Security Specialist
ECE,4,3,0,1,3,4,3,2,1,2,API Specialist
CSE,3,4,2,2,4,2,3,4,3,1,Helpdesk Engineer
IT,4,3,1,4,3,4,1,1,1,4,AI/ML Specialist
IT,4,3,2,3,2,3,4,4,1,2,Cyber Security Specialist
ECE,4,3,1,4,3,4,3,2,1,4,AI/ML Specialist
IT,1,2,1,2,4,1,2,2,0,2,Technical Writer
CSE,3,4,2,1,4,0,3,3,0,0,Helpdesk Engineer
IT,1,2,2,2,2,2,1,1,1,1,Graphics Designer
ECE,1,4,2,3,4,3,3,3,1,4,Information Security Specialist
CSE,3,3,1,2,4,2,2,1,0,2,Technical Writer
ECE,3,3,4,4,2,1,2,1,2,0,Hardware Engineer
IT,1,3,2,2,4,2,3,2,1,1,Helpdesk Engineer
IT,3,3,0,2,2,3,3,3,3,0,Software Tester
CSE,0,4,0,2,4,1,1,1,2,0,Technical Writer
ECE,2,4,0,4,4,3,2,1,2,2,Business Analyst
IT,2,3,1,2,3,1,4,2,0,2,Application Support Engineer
IT,2,4,3,3,3,1,3,3,0,1,Helpdesk Engineer
ECE,4,4,1,4,3,4,3,1,2,4,AI/ML Specialist
CSE,1,2,2,2,4,1,2,3,1,1,Helpdesk Engineer
ECE,3,4,4,3,2,2,2,3,2,1,Networking Engineer
IT,3,2,1,2,2,3,3,2,1,0,Software Tester
CSE,0,2,2,1,4,2,0,1,2,0,Graphics Designer
ECE,4,4,1,3,3,4,3,4,0,2,API Specialist
CSE,2,2,2,3,1,3,4,4,3,1,Networking Engineer
IT,2,2,4,3,4,1,3,4,1,0,Helpdesk Engineer
ECE,4,4,2,3,3,4,4,4,3,2,Information Security Specialist
CSE,2,4,2,3,3,2,2,2,0,2,Project Manager
ECE,0,2,1,1,4,2,0,0,2,0,Graphics Designer
ECE,2,4,1,3,4,1,2,3,1,2,Business Analyst
CSE,2,1,1,2,3,2,2,1,0,0,Graphics Designer
ECE,2,3,4,4,3,1,2,2,4,2,Hardware Engineer
CSE,2,3,2,4,2,2,3,2,4,1,Hardware Engineer
CSE,1,2,1,0,4,2,2,1,0,1,Customer Service Executive
CSE,2,3,0,2,3,4,4,3,0,1,Database Administrator
IT,4,4,1,2,3,2,3,4,1,1,Cyber Security Specialist
CSE,4,3,0,2,4,4,3,3,1,3,API Specialist
ECE,3,4,2,2,3,3,4,4,1,3,Cyber Security Specialist
CSE,1,3,0,2,4,2,2,1,0,0,Technical Writer
CSE,4,4,1,3,3,4,2,4,2,1,Software Developer
IT,2,3,1,2,3,1,2,3,1,3,Helpdesk Engineer
CSE,3,4,4,2,2,2,3,3,2,0,Networking Engineer
IT,3,3,3,2,2,2,4,3,3,0,Networking Engineer
IT,4,4,1,3,4,2,3,2,2,2,Software Developer
CSE,2,2,1,2,2,1,0,0,1,1,Graphics Designer
CSE,3,2,2,2,4,0,2,2,1,0,Helpdesk Engineer
ECE,2,2,4,3,2,2,2,1,4,1,Hardware Engineer
ECE,3,4,1,4,4,4,3,1,1,4,AI/ML Specialist
IT,1,4,1,3,4,2,1,2,0,1,Project Manager
IT,3,2,0,2,4,2,3,2,0,0,Customer Service Executive
IT,3,2,1,2,2,2,4,3,1,1,Helpdesk Engineer
IT,1,3,2,3,4,1,3,3,0,1,Helpdesk Engineer
ECE,0,2,0,1,2,0,1,0,1,0,Graphics Designer
CSE,0,3,1,2,4,0,1,1,1,0,Graphics Designer
IT,2,3,4,4,1,1,4,2,4,1,Hardware Engineer
CSE,3,4,3,2,3,1,3,4,1,1,Information Security Specialist
ECE,2,4,2,2,1,3,3,1,0,2,Software Tester
CSE,3,3,3,2,2,1,2,4,2,2,Networking Engineer
ECE,1,1,1,1,2,0,3,0,0,1,Graphics Designer
CSE,4,4,1,4,3,4,3,3,1,3,Software Developer
ECE,3,3,1,2,3,4,3,2,0,3,Database Administrator
CSE,4,4,3,3,3,3,4,4,1,3,Cyber Security Specialist
ECE,3,4,2,3,2,3,3,4,1,1,Cyber Security Specialist
IT,1,4,1,2,3,1,4,3,1,3,Business Analyst
ECE,3,4,1,2,3,2,3,4,1,1,Application Support Engineer
CSE,4,4,0,4,3,4,3,3,0,4,AI/ML Specialist
IT,4,4,2,3,2,4,3,2,2,1,Software Developer
IT,2,4,1,2,4,2,2,2,1,3,Business Analyst
IT,2,4,1,3,4,3,2,1,2,2,Business Analyst
CSE,4,3,2,3,3,3,1,2,1,1,API Specialist
ECE,1,3,4,4,3,1,4,2,4,1,Hardware Engineer
IT,4,4,2,4,2,4,3,2,1,1,Software Developer
CSE,4,4,3,4,2,2,2,3,2,2,Networking Engineer
ECE,3,2,3,2,2,3,3,4,2,2,Networking Engineer
ECE,2,2,0,1,4,0,2,1,0,0,Customer Service Executive
ECE,3,4,1,4,3,4,4,2,1,4,AI/ML Specialist
IT,3,4,3,2,3,4,3,3,2,1,Information Security Specialist
ECE,2,3,1,2,4,4,4,4,1,2,Database Administrator
IT,3,3,3,3,2,2,3,4,2,0,Networking Engineer
ECE,2,3,1,2,3,1,4,1,2,1,Technical Writer
ECE,4,4,2,2,2,3,4,4,1,1,Application Support Engineer
ECE,4,3,0,4,1,4,2,2,1,4,AI/ML Specialist
CSE,2,2,0,1,3,1,2,2,0,2,Technical Writer
IT,0,4,2,3,1,3,4,3,0,3,Cyber Security Specialist
ECE,1,4,2,2,3,2,3,2,1,0,Technical Writer
ECE,2,3,3,2,2,3,3,4,1,0,Networking Engineer
CSE,1,2,0,1,2,0,1,0,2,0,Graphics Designer
CSE,1,4,1,3,4,2,2,2,0,0,Project Manager
CSE,4,4,4,1,2,4,4,3,1,3,Cyber Security Specialist
CSE,4,3,1,2,3,4,3,4,1,1,API Specialist
ECE,1,2,0,2,3,1,2,1,0,0,Graphics Designer
CSE,2,4,1,3,4,1,2,1,0,3,Business Analyst
ECE,1,4,2,3,4,4,4,4,0,2,Cyber Security Specialist
IT,3,2,2,3,3,4,4,4,1,1,Database Administrator
ECE,3,4,2,3,4,4,3,2,1,0,Software Tester
IT,3,4,0,2,3,2,2,2,2,1,Project Manager
CSE,3,4,1,3,4,3,4,4,1,2,Cyber Security Specialist
CSE,2,4,1,3,4,1,1,3,1,3,Business Analyst
IT,2,3,3,4,1,1,3,2,4,1,Hardware Engineer
ECE,3,3,1,2,3,4,4,3,1,2,Database Administrator
IT,4,4,0,2,4,4,2,3,0,1,Software Developer
CSE,0,2,0,1,4,2,1,1,0,1,Customer Service Executive
ECE,3,4,1,3,3,4,3,4,1,4,AI/ML Specialist
IT,2,4,1,4,4,2,2,2,0,2,Business Analyst
CSE,3,2,1,1,4,3,2,1,0,2,Technical Writer
ECE,2,1,1,1,2,1,1,1,3,0,Graphics Designer
CSE,2,2,0,0,3,0,1,2,0,1,Customer Service Executive
CSE,1,3,0,3,4,1,3,2,1,3,Technical Writer
IT,4,4,1,4,4,4,3,2,1,4,AI/ML Specialist
IT,4,2,1,3,3,4,4,2,3,1,Database Administrator
CSE,2,3,2,2,4,2,2,2,0,2,Project Manager
ECE,2,3,0,0,4,1,1,0,2,2,Technical Writer
ECE,3,2,0,3,2,4,3,3,1,2,Database Administrator
ECE,2,3,2,3,4,2,3,1,2,2,Business Analyst
ECE,2,4,3,3,3,4,4,4,2,2,Information Security Specialist
IT,2,4,3,4,4,3,4,4,1,2,Information Security Specialist
CSE,4,4,2,3,2,4,3,2,1,4,AI/ML Specialist
ECE,2,4,0,2,4,2,3,3,1,1,Business Analyst
CSE,2,3,0,2,3,2,4,4,1,1,Application Support Engineer
IT,2,3,4,4,3,0,2,4,4,1,Hardware Engineer
IT,2,2,3,2,4,0,3,3,0,2,Helpdesk Engineer
ECE,4,4,0,2,3,4,3,2,0,2,Software Developer
IT,4,4,1,2,2,2,4,4,0,2,Cyber Security Specialist
ECE,3,3,1,2,3,4,3,1,1,0,Software Tester
ECE,3,3,2,2,4,2,2,2,0,0,Technical Writer
ECE,2,4,3,3,4,3,4,4,3,3,Cyber Security Specialist
ECE,2,3,2,1,3,4,4,4,0,2,Database Administrator
ECE,4,4,1,1,4,3,4,4,1,3,API Specialist
IT,1,3,0,0,2,1,1,0,1,0,Graphics Designer
IT,1,2,2,2,4,4,2,2,1,1,Project Manager
ECE,3,3,1,1,4,2,3,3,1,1,Application Support Engineer
IT,2,4,1,1,2,1,4,4,1,1,Application Support Engineer
IT,3,3,1,2,4,1,2,2,2,0,Technical Writer
CSE,2,2,4,4,2,1,2,3,4,1,Hardware Engineer
IT,0,1,0,0,4,0,2,1,0,1,Customer Service Executive
IT,3,3,3,3,4,3,4,4,3,1,Information Security Specialist
IT,2,4,4,3,2,1,3,2,4,0,Hardware Engineer
IT,4,3,2,2,1,3,2,2,0,1,Database Administrator
IT,4,4,1,2,3,3,3,2,1,1,Software Developer
CSE,4,3,0,1,3,3,4,3,2,0,Database Administrator
CSE,2,4,2,0,4,1,3,3,0,1,Helpdesk Engineer
IT,2,4,3,2,4,1,3,3,2,1,Helpdesk Engineer
CSE,3,4,3,3,3,3,3,4,3,0,Networking Engineer
ECE,2,1,1,4,2,1,0,1,2,1,Technical Writer
IT,1,3,0,1,4,1,0,1,1,0,Customer Service Executive
CSE,4,3,1,4,4,3,2,2,1,4,AI/ML Specialist
IT,3,3,1,3,4,2,4,3,1,2,Application Support Engineer
IT,2,4,2,2,2,2,4,4,2,0,Information Security Specialist
CSE,4,3,2,4,3,3,3,4,3,3,Information Security Specialist
CSE,4,4,0,3,2,3,4,4,1,1,Software Developer
IT,3,4,1,1,3,1,4,2,0,2,Application Support Engineer
ECE,2,4,2,3,3,2,3,1,2,2,Business Analyst
IT,2,4,2,2,4,2,1,1,1,1,Business Analyst
IT,4,4,1,2,3,4,4,1,3,3,API Specialist
ECE,0,3,1,1,2,1,2,1,0,1,Graphics Designer
IT,3,2,1,2,2,1,2,4,2,1,Helpdesk Engineer
ECE,2,4,0,4,4,2,1,3,1,1,Project Manager
CSE,2,3,4,4,3,0,2,2,4,2,Hardware Engineer
IT,1,2,0,1,4,2,3,1,1,2,Technical Writer
ECE,3,4,2,4,2,4,3,1,0,4,AI/ML Specialist
CSE,2,4,3,3,1,0,4,1,4,1,Hardware Engineer
ECE,2,4,2,4,2,1,4,3,4,0,Hardware Engineer
CSE,3,3,3,3,3,1,3,2,4,1,Hardware Engineer
ECE,3,3,1,1,3,2,3,1,0,1,Technical Writer
ECE,2,4,1,4,4,4,4,4,1,3,Information Security Specialist
IT,3,2,0,4,3,3,4,4,1,2,Cyber Security Specialist
ECE,3,4,2,2,3,4,3,3,0,1,Software Tester
ECE,0,2,3,1,3,2,1,1,1,0,Graphics Designer
IT,4,4,2,2,3,4,3,3,1,1,API Specialist
IT,2,3,4,4,2,0,3,2,3,3,Hardware Engineer
IT,3,4,1,4,3,4,3,2,1,2,Software Developer
IT,3,3,1,3,4,2,1,2,1,1,Technical Writer
IT,4,3,3,1,3,4,4,2,1,1,Database Administrator
CSE,1,3,0,3,4,1,0,2,1,0,Customer Service Executive
IT,2,4,1,2,4,2,4,2,2,1,Cyber Security Specialist
ECE,2,4,2,2,4,0,3,2,0,0,Helpdesk Engineer
ECE,3,4,2,3,3,3,3,4,2,3,Information Security Specialist
ECE,4,4,0,2,3,3,3,3,2,2,Software Developer
IT,2,3,3,3,3,3,4,4,0,2,Information Security Specialist
IT,3,4,0,4,4,2,2,2,2,2,Business Analyst
ECE,1,0,1,0,4,2,1,1,0,2,Customer Service Executive
IT,1,4,1,2,4,2,4,2,0,1,Helpdesk Engineer
ECE,1,4,4,4,1,1,4,2,4,0,Hardware Engineer
ECE,3,4,1,3,3,4,3,2,1,1,Database Administrator
ECE,1,2,0,1,4,1,0,0,0,1,Customer Service Executive
IT,1,4,2,3,3,1,4,4,1,2,Cyber Security Specialist
IT,2,4,0,2,4,2,2,1,1,1,Technical Writer
CSE,3,3,0,2,3,3,3,2,3,1,Software Tester
IT,2,3,2,3,2,3,3,2,1,1,Project Manager
CSE,2,2,2,2,4,0,3,1,2,0,Helpdesk Engineer
ECE,1,3,2,1,2,4,3,4,1,1,Database Administrator
CSE,3,4,1,4,3,4,3,2,1,4,AI/ML Specialist
IT,2,4,1,3,3,2,4,4,1,2,Cyber Security Specialist
ECE,4,4,1,4,3,3,3,1,0,1,Software Developer
ECE,1,3,4,3,2,0,3,1,3,0,Hardware Engineer
ECE,3,4,1,0,3,4,4,3,1,1,Database Administrator
CSE,4,4,1,4,4,4,3,1,1,4,AI/ML Specialist
ECE,2,4,1,2,3,2,4,3,1,2,Cyber Security Specialist
CSE,2,4,1,3,4,1,3,0,2,1,Technical Writer
ECE,2,4,1,2,2,4,4,3,2,2,Cyber Security Specialist
ECE,3,3,2,3,3,2,3,3,2,1,Application Support Engineer
CSE,3,1,1,1,3,2,4,3,2,1,Application Support Engineer
IT,2,4,3,3,3,4,4,3,1,1,Cyber Security Specialist
CSE,1,1,1,1,4,2,0,0,0,0,Graphics Designer
ECE,3,2,2,2,4,4,3,1,2,1,Database Administrator
CSE,2,4,2,2,4,4,4,3,0,1,Database Administrator
ECE,4,4,0,4,3,3,4,2,1,2,AI/ML Specialist
IT,2,3,3,4,4,4,4,4,2,3,Information Security Specialist
ECE,4,4,1,3,2,2,4,2,2,2,Software Developer
IT,1,2,2,0,2,2,1,1,0,0,Graphics Designer
CSE,1,3,0,1,2,2,1,0,1,0,Graphics Designer
CSE,3,2,2,1,2,4,4,3,1,1,Database Administrator
ECE,3,3,3,3,4,1,2,4,0,1,Helpdesk Engineer
ECE,2,2,1,1,4,2,2,1,1,1,Technical Writer
CSE,4,4,1,4,2,3,3,3,1,3,AI/ML Specialist
ECE,2,2,3,4,2,0,3,1,4,2,Hardware Engineer
CSE,3,3,0,2,3,4,3,2,1,2,Software Developer
IT,2,3,0,2,3,3,3,4,0,1,Application Support Engineer
CSE,2,4,0,3,4,1,2,3,0,2,Project Manager
CSE,3,3,2,2,4,3,3,1,2,1,Software Tester
ECE,3,4,2,3,3,0,2,2,1,3,Business Analyst
CSE,1,2,4,4,2,2,3,2,4,2,Hardware Engineer
CSE,2,2,4,3,3,2,3,2,4,0,Hardware Engineer
ECE,2,3,2,2,3,4,4,4,1,1,Database Administrator
IT,2,4,2,2,4,3,3,3,0,0,Software Tester
ECE,3,2,0,3,2,1,4,3,2,1,Application Support Engineer
ECE,4,3,3,3,3,3,4,4,1,2,Information Security Specialist
CSE,1,4,2,2,4,2,2,1,1,0,Project Manager
ECE,3,2,2,2,4,1,4,1,0,1,Application Support Engineer
ECE,4,4,1,2,3,3,4,4,1,2,API Specialist
ECE,3,3,2,2,3,1,2,3,2,0,Helpdesk Engineer
CSE,0,3,2,2,4,1,3,3,1,2,Helpdesk Engineer
ECE,2,1,0,1,3,2,1,1,0,0,Customer Service Executive
IT,4,3,1,3,3,4,3,1,1,4,AI/ML Specialist
ECE,2,4,2,2,4,3,2,0,1,2,Project Manager
IT,2,4,1,3,4,3,3,3,2,2,Cyber Security Specialist
CSE,3,2,1,2,4,4,4,3,1,0,Database Administrator
ECE,2,4,4,2,2,1,3,4,2,3,Networking Engineer
CSE,2,2,4,4,1,1,4,1,4,1,Hardware Engineer
IT,2,3,2,1,4,0,4,4,1,1,Helpdesk Engineer
CSE,2,4,1,3,3,3,4,3,0,3,Business Analyst
IT,1,2,1,2,3,2,1,1,1,0,Graphics Designer
CSE,4,3,3,2,4,2,4,4,1,2,Cyber Security Specialist
ECE,2,4,2,1,2,2,3,1,0,2,Business Analyst
CSE,0,3,1,1,3,2,0,1,0,0,Customer Service Executive
CSE,3,3,0,2,1,1,3,3,1,2,Application Support Engineer
ECE,4,4,1,4,3,3,3,2,1,4,AI/ML Specialist
IT,4,4,1,3,3,1,4,3,0,2,Cyber Security Specialist
CSE,4,4,1,4,4,4,3,3,2,4,AI/ML Specialist
IT,2,1,1,2,3,2,1,0,2,0,Graphics Designer
CSE,4,4,0,2,4,2,1,2,2,1,Software Tester
IT,2,3,0,2,2,3,4,4,0,2,Database Administrator
IT,3,4,0,1,4,3,4,2,1,1,Software Tester
CSE,1,3,1,2,3,2,1,0,1,2,Business Analyst
ECE,1,1,1,2,2,1,2,1,2,0,Graphics Designer
CSE,1,2,1,1,4,0,1,2,0,0,Customer Service Executive
ECE,3,3,1,3,2,4,3,3,2,1,Database Administrator
ECE,2,4,1,3,4,1,1,0,2,0,Technical Writer
CSE,2,3,4,4,2,1,4,3,4,1,Hardware Engineer
CSE,2,3,2,3,4,0,3,3,1,0,Helpdesk Engineer
CSE,3,3,0,2,4,4,3,2,1,2,API Specialist
ECE,3,4,3,3,2,3,2,3,2,0,Networking Engineer
CSE,2,4,2,2,3,2,1,4,1,1,Helpdesk Engineer
CSE,3,3,2,1,4,4,4,3,1,1,Database Administrator
CSE,4,4,1,2,3,3,3,1,2,3,Software Developer
CSE,2,4,1,3,4,3,2,2,0,2,Business Analyst
CSE,3,4,1,2,2,4,3,3,1,2,API Specialist
ECE,2,2,2,0,2,1,1,0,1,0,Graphics Designer
CSE,2,3,1,2,4,4,3,2,0,1,Database Administrator
IT,2,4,1,3,2,3,3,4,2,2,Information Security Specialist
CSE,3,4,1,3,3,2,4,4,1,2,Cyber Security Specialist
CSE,3,4,2,3,4,3,4,3,2,2,Cyber Security Specialist
IT,1,4,3,4,4,2,1,2,0,2,Project Manager
ECE,1,2,0,0,4,1,2,1,0,1,Customer Service Executive
IT,3,2,1,3,4,1,2,1,1,1,Technical Writer
CSE,4,3,2,4,3,3,4,2,1,3,AI/ML Specialist
IT,4,2,1,1,3,4,4,3,1,3,API Specialist
CSE,3,4,3,2,3,3,4,4,2,1,Information Security Specialist
ECE,2,4,2,3,3,4,4,4,3,2,Information Security Specialist
IT,2,2,1,3,3,4,3,1,1,0,Technical Writer
ECE,1,1,1,1,4,0,1,0,1,0,Graphics Designer
IT,1,1,0,1,3,1,1,0,2,0,Graphics Designer
ECE,2,3,1,2,2,2,2,2,0,0,Technical Writer
IT,4,3,2,3,3,3,4,3,0,1,API Specialist
IT,2,3,3,2,4,0,3,2,1,0,Helpdesk Engineer
IT,0,2,1,1,3,1,2,1,1,0,Graphics Designer
CSE,1,4,1,4,3,2,2,1,2,0,Technical Writer
ECE,4,4,1,2,3,4,3,3,1,4,Software Developer
IT,2,2,0,2,4,2,1,1,0,0,Customer Service Executive
ECE,3,2,0,3,4,4,2,4,1,1,API Specialist
CSE,2,2,2,1,4,1,4,2,1,1,Application Support Engineer
ECE,2,4,2,3,4,3,2,2,1,1,Business Analyst
IT,3,3,1,3,2,4,2,2,1,1,Software Developer
IT,4,3,1,4,3,4,1,1,0,1,Software Developer
IT,2,4,1,2,4,2,3,2,1,1,Technical Writer
CSE,1,4,1,2,4,2,2,2,2,1,Technical Writer
IT,1,2,0,1,3,2,0,1,0,0,Customer Service Executive
CSE,3,4,2,3,4,2,2,2,1,2,Technical Writer
IT,2,4,3,4,2,1,4,2,4,0,Hardware Engineer
IT,2,4,1,3,4,2,2,2,2,2,Business Analyst
ECE,4,3,0,2,4,3,2,3,1,2,API Specialist
ECE,1,3,4,1,4,1,2,4,1,1,Helpdesk Engineer
ECE,2,2,2,2,4,1,3,3,0,1,Helpdesk Engineer
CSE,3,4,1,3,4,4,2,2,0,4,AI/ML Specialist
IT,2,3,1,4,4,0,3,2,2,1,Project Manager
ECE,3,3,4,4,4,3,4,4,3,1,Hardware Engineer
IT,3,2,1,1,4,3,2,1,1,1,Technical Writer
ECE,1,2,0,0,4,1,0,2,0,0,Customer Service Executive
IT,2,2,0,2,4,2,2,1,0,2,Project Manager
CSE,3,4,2,4,3,2,4,4,1,2,Cyber Security Specialist
IT,4,4,2,2,4,4,2,2,1,1,Software Developer
ECE,2,2,4,4,2,0,2,3,4,0,Hardware Engineer
IT,4,4,2,3,3,4,3,2,0,2,Software Developer
CSE,3,2,1,3,3,2,2,3,4,1,Project Manager
CSE,1,2,1,1,2,1,1,0,1,0,Graphics Designer
ECE,3,3,2,1,4,2,1,1,0,2,Technical Writer
IT,3,4,2,3,4,3,4,4,1,1,Application Support Engineer
IT,3,3,1,1,4,4,3,3,2,1,Database Administrator
ECE,4,3,1,3,3,4,2,2,1,2,Software Developer
ECE,4,3,2,3,4,4,2,3,1,2,API Specialist
IT,4,4,1,2,3,4,3,3,2,4,AI/ML Specialist
ECE,3,4,2,1,2,3,4,1,1,0,Software Tester
CSE,2,4,2,4,3,3,2,1,1,2,Business Analyst
ECE,3,3,1,2,4,3,2,0,2,2,Technical Writer
CSE,3,2,3,3,3,2,2,3,2,2,Networking Engineer
CSE,3,2,0,2,2,4,4,2,1,2,API Specialist
CSE,4,3,1,4,4,3,3,3,1,3,AI/ML Specialist
CSE,3,4,2,2,3,3,4,3,2,2,Cyber Security Specialist
ECE,3,3,2,4,1,0,4,2,4,2,Hardware Engineer
IT,2,4,2,2,2,2,3,4,2,1,Networking Engineer
ECE,2,4,0,3,4,2,2,2,2,0,Business Analyst
CSE,4,4,1,2,3,4,4,3,2,1,Software Developer
ECE,3,4,0,3,3,2,2,0,1,2,Technical Writer
CSE,3,4,2,3,1,4,4,4,1,1,Cyber Security Specialist
IT,4,4,2,1,3,3,4,2,1,1,Software Tester
CSE,2,4,1,2,2,2,4,4,0,2,Cyber Security Specialist
ECE,4,4,3,2,3,4,3,2,0,3,Software Developer
IT,1,3,1,3,4,1,4,4,2,1,Helpdesk Engineer
ECE,3,2,2,2,4,2,4,2,0,1,Helpdesk Engineer
IT,3,4,1,3,2,2,3,4,1,1,Networking Engineer
IT,2,4,1,2,4,0,1,1,1,2,Project Manager
IT,4,4,1,2,4,4,4,3,1,3,Software Developer
CSE,3,4,2,2,4,3,4,4,2,3,Information Security Specialist
IT,3,4,0,2,4,3,3,3,1,1,Software Tester
IT,2,3,2,2,3,4,4,3,1,0,Database Administrator
CSE,1,4,1,3,3,2,1,1,1,1,Project Manager
IT,3,3,2,2,4,4,3,3,1,2,API Specialist
IT,1,2,1,0,3,1,2,0,2,0,Graphics Designer
IT,1,3,3,2,4,2,3,3,0,1,Helpdesk Engineer
IT,2,4,1,1,3,4,3,3,0,1,Database Administrator
CSE,3,4,2,3,3,4,3,1,1,2,Software Developer
CSE,0,2,1,1,3,1,1,0,0,0,Graphics Designer
IT,1,1,1,1,2,2,1,0,1,0,Graphics Designer
IT,4,2,2,2,3,3,1,4,2,2,API Specialist
IT,3,4,0,2,2,3,2,1,2,2,Software Tester
IT,3,4,0,3,4,2,4,2,0,1,Software Tester
ECE,1,3,0,1,4,1,1,1,1,2,Customer Service Executive
CSE,2,2,1,2,4,2,3,4,0,0,Helpdesk Engineer
CSE,3,4,2,2,3,2,4,4,3,2,Information Security Specialist
ECE,4,4,1,4,4,4,3,3,1,1,Software Developer
CSE,4,2,2,3,3,3,2,3,1,4,AI/ML Specialist
ECE,3,3,2,3,1,2,4,4,2,1,Networking Engineer
CSE,3,3,4,4,1,2,4,2,2,1,Networking Engineer
CSE,2,1,1,2,3,0,1,1,1,0,Customer Service Executive
IT,2,4,1,1,2,3,2,1,2,1,Software Tester
IT,3,3,2,2,4,2,2,3,1,0,Helpdesk Engineer
CSE,4,4,2,3,3,4,1,1,1,4,AI/ML Specialist
IT,4,3,1,2,4,4,3,3,2,1,API Specialist
ECE,1,4,1,3,3,1,3,2,2,2,Business Analyst
ECE,2,2,2,2,3,0,0,2,1,1,Technical Writer
CSE,4,3,0,2,3,4,4,2,0,1,API Specialist
CSE,2,1,2,2,4,2,3,1,1,2,Technical Writer
ECE,2,3,3,4,2,0,2,2,4,0,Hardware Engineer
IT,2,3,1,2,3,2,2,1,0,0,Technical Writer
IT,4,3,0,4,3,4,4,2,0,4,AI/ML Specialist
IT,2,2,3,4,2,1,2,2,4,0,Hardware Engineer
CSE,3,3,2,3,4,2,3,1,2,0,Technical Writer
IT,3,2,4,4,2,0,3,1,4,1,Hardware Engineer
IT,1,3,1,3,4,1,2,2,1,2,Business Analyst
ECE,3,2,2,3,4,3,4,2,1,1,Application Support Engineer
CSE,4,3,0,4,2,4,4,4,2,2,Information Security Specialist
IT,1,2,0,0,1,2,1,0,1,0,Graphics Designer
ECE,4,4,1,2,3,4,2,2,1,2,Software Developer
IT,1,3,2,1,4,0,2,0,0,0,Graphics Designer
ECE,3,4,0,3,4,2,1,1,3,0,Project Manager
CSE,2,4,2,3,4,1,3,1,2,0,Technical Writer
IT,1,3,0,1,3,1,2,1,0,0,Customer Service Executive
ECE,3,3,1,2,4,1,4,2,1,1,Application Support Engineer
ECE,2,4,0,3,4,3,3,2,1,2,Software Developer
IT,4,3,1,2,4,3,4,3,1,1,Application Support Engineer
CSE,4,4,0,3,3,4,3,2,1,2,Software Developer
IT,3,4,2,4,4,4,4,4,2,1,Information Security Specialist
CSE,3,3,3,2,1,1,1,3,2,1,Networking Engineer
ECE,4,3,1,2,3,4,2,3,1,2,API Specialist
CSE,2,4,0,4,4,3,2,2,0,2,Business Analyst
IT,4,4,2,1,2,2,4,3,1,3,Cyber Security Specialist
ECE,1,4,1,3,4,2,2,1,0,1,Technical Writer
CSE,2,2,2,2,4,1,1,0,0,1,Technical Writer
ECE,0,3,0,1,4,1,2,1,0,1,Customer Service Executive
ECE,4,4,1,2,3,3,3,2,1,1,Software Tester
CSE,2,3,0,2,4,0,1,0,1,0,Graphics Designer
CSE,2,4,0,4,3,0,2,3,1,1,Business Analyst
IT,2,4,1,2,2,3,2,1,1,2,Software Tester
IT,3,4,4,2,4,1,4,4,1,1,Helpdesk Engineer
CSE,4,2,3,2,3,3,4,4,2,3,API Specialist
ECE,4,4,2,3,3,4,3,3,0,3,Software Developer
CSE,1,3,1,1,3,2,0,0,3,1,Technical Writer
ECE,3,4,0,4,4,2,2,2,1,2,Business Analyst
IT,1,2,0,1,2,1,2,0,1,1,Graphics Designer
CSE,2,4,3,2,4,2,2,0,1,1,Technical Writer
IT,4,4,2,3,3,3,3,4,0,1,Cyber Security Specialist
IT,3,4,2,3,2,3,3,4,2,1,Information Security Specialist
CSE,2,3,0,4,3,2,1,2,1,3,Business Analyst
ECE,4,3,1,3,3,2,3,4,2,3,Information Security Specialist
IT,4,3,1,2,3,4,3,2,0,3,API Specialist
IT,2,2,2,1,4,2,3,2,2,0,Helpdesk Engineer
CSE,2,4,3,2,4,0,3,2,1,2,Helpdesk Engineer
ECE,1,1,0,1,4,1,1,0,0,0,Customer Service Executive
CSE,4,3,0,2,3,4,4,2,1,3,API Specialist
IT,3,2,2,3,2,4,4,4,3,0,Database Administrator
CSE,2,3,0,2,3,3,2,1,1,1,Project Manager
ECE,1,2,0,1,3,0,1,0,1,1,Graphics Designer
CSE,4,3,2,1,2,4,3,2,2,2,API Specialist
CSE,4,4,2,3,3,4,3,2,0,3,Software Developer
ECE,0,2,0,1,3,1,2,0,1,0,Graphics Designer
ECE,3,3,0,2,3,2,3,4,1,0,Application Support Engineer
CSE,3,3,1,3,2,2,3,3,1,1,Application Support Engineer
ECE,3,4,1,3,4,3,3,1,1,1,Software Tester
IT,2,4,0,3,4,3,2,3,2,2,Business Analyst
IT,3,4,0,4,3,4,2,2,0,4,AI/ML Specialist
ECE,2,3,1,2,4,2,3,4,2,1,Helpdesk Engineer
CSE,4,2,2,2,3,3,1,3,3,3,API Specialist
ECE,3,3,4,3,1,3,4,3,4,1,Networking Engineer
IT,3,2,1,2,3,4,4,3,1,0,Database Administrator
CSE,4,4,2,2,4,3,3,3,2,3,API Specialist
CSE,4,3,3,3,2,2,3,4,2,1,Networking Engineer
CSE,4,4,2,2,3,2,2,1,0,2,Software Tester
CSE,2,3,0,2,3,3,1,2,2,0,Technical Writer
ECE,4,3,1,2,4,4,3,2,1,0,Software Developer
IT,3,3,1,2,4,3,2,0,2,1,Technical Writer
CSE,0,3,1,1,4,0,3,2,0,0,Helpdesk Engineer
CSE,4,4,1,2,2,2,3,1,1,4,Software Developer
CSE,4,2,4,4,2,1,3,2,2,2,Networking Engineer
IT,1,3,1,2,4,2,2,3,0,3,Business Analyst
CSE,3,4,1,2,3,3,3,2,2,0,Software Tester
IT,4,4,0,1,4,4,3,4,1,2,Database Administrator
ECE,3,4,2,2,4,1,1,2,1,1,Project Manager
CSE,4,4,0,1,4,4,3,2,2,1,API Specialist
ECE,3,4,3,3,4,4,4,4,0,2,Cyber Security Specialist
CSE,4,4,1,3,1,4,4,1,1,3,AI/ML Specialist
CSE,3,4,0,4,3,3,4,3,0,3,AI/ML Specialist
CSE,3,3,2,3,2,2,3,4,1,2,Cyber Security Specialist
CSE,2,4,0,1,4,3,1,1,3,1,Technical Writer
CSE,1,2,1,1,4,1,2,0,2,1,Graphics Designer
CSE,3,4,0,3,4,3,2,2,1,1,Software Developer
CSE,4,4,0,3,3,4,4,3,2,2,Software Developer
CSE,3,3,1,2,4,2,2,2,1,0,Technical Writer
IT,3,3,3,3,2,2,3,4,2,1,Networking Engineer
ECE,3,4,3,3,2,2,4,2,2,0,Networking Engineer
IT,3,4,2,2,4,2,2,1,0,2,Project Manager
IT,3,4,3,3,4,4,4,4,1,3,Information Security Specialist
CSE,2,4,1,3,4,3,3,2,1,2,Software Tester
ECE,1,4,0,2,4,1,3,2,1,2,Business Analyst
CSE,2,3,1,4,4,1,2,2,1,1,Project Manager
ECE,2,3,1,2,3,1,3,4,1,2,Helpdesk Engineer
ECE,4,4,0,4,3,4,3,2,0,4,Software Developer
IT,2,4,1,4,3,3,4,4,1,1,Information Security Specialist
ECE,4,3,2,2,4,3,3,3,1,2,Software Tester
CSE,4,4,1,3,3,4,4,2,1,2,Software Developer
CSE,4,4,2,2,4,4,2,1,1,2,Software Developer
CSE,3,3,3,2,2,1,3,4,2,2,Networking Engineer
IT,3,4,3,3,4,2,4,4,2,1,Cyber Security Specialist
ECE,3,4,1,2,2,3,2,2,1,2,Software Tester
ECE,3,4,3,2,2,3,3,3,2,2,Information Security Specialist
IT,2,4,1,2,3,3,4,2,0,1,Software Tester
ECE,3,4,1,2,4,4,3,2,1,1,Software Developer
IT,3,3,1,3,2,1,4,4,0,1,Application Support Engineer
CSE,4,4,3,3,3,3,4,4,2,1,Cyber Security Specialist
IT,2,3,3,4,3,3,4,4,1,1,Networking Engineer
CSE,3,3,3,4,3,2,3,3,2,0,Networking Engineer
CSE,4,3,2,1,3,2,4,4,0,3,Cyber Security Specialist
IT,4,3,2,3,3,2,2,4,1,1,Networking Engineer
CSE,4,3,2,2,3,2,4,4,2,2,Information Security Specialist
CSE,2,1,1,2,3,0,1,1,0,0,Graphics Designer
CSE,2,4,2,3,4,3,4,4,2,2,Cyber Security Specialist
ECE,2,4,3,3,2,2,4,4,2,2,Cyber Security Specialist
ECE,3,4,2,4,2,3,4,3,3,2,Information Security Specialist
CSE,4,2,1,2,0,4,3,3,2,1,Networking Engineer
IT,3,3,3,3,2,2,3,4,3,2,Networking Engineer
IT,3,2,2,1,4,1,2,3,0,0,Helpdesk Engineer
CSE,3,4,1,1,3,1,2,1,1,1,Technical Writer
CSE,3,4,2,3,4,3,3,4,2,3,Information Security Specialist
IT,3,4,2,2,3,2,3,2,1,2,Networking Engineer
CSE,2,4,3,2,3,3,4,3,3,2,Information Security Specialist
ECE,2,4,2,4,3,2,2,2,0,1,Project Manager
ECE,4,3,2,3,2,4,3,3,1,1,Software Developer
CSE,3,4,2,3,4,3,4,4,2,3,Information Security Specialist
IT,1,4,1,1,4,3,2,1,2,2,Technical Writer
CSE,2,4,1,2,4,3,1,1,2,1,Technical Writer
CSE,4,3,1,4,3,3,3,2,1,1,Software Developer
ECE,2,3,1,2,2,3,3,2,1,0,Software Tester
IT,3,3,1,3,3,3,4,2,2,1,Database Administrator
IT,2,4,2,3,4,2,4,4,0,0,Cyber Security Specialist
CSE,1,2,4,4,2,1,3,2,4,2,Hardware Engineer
CSE,2,4,0,3,3,4,3,4,2,1,Software Tester
ECE,2,3,0,0,2,2,0,1,0,0,Customer Service Executive
IT,2,4,2,2,3,3,4,3,1,2,Cyber Security Specialist
IT,2,2,0,1,4,2,1,0,1,1,Customer Service Executive
CSE,1,3,4,3,1,1,3,2,4,0,Hardware Engineer
CSE,4,4,2,3,3,3,4,4,2,2,Information Security Specialist
IT,4,4,0,2,2,4,2,3,1,3,Software Developer
IT,3,2,1,2,4,1,4,3,2,1,Helpdesk Engineer
IT,1,2,1,1,4,1,1,2,0,0,Customer Service Executive
ECE,1,4,4,4,2,1,4,2,4,1,Hardware Engineer
ECE,2,1,1,0,2,1,2,2,0,0,Customer Service Executive
CSE,3,3,2,2,3,1,2,3,1,1,Helpdesk Engineer
ECE,4,4,2,3,2,3,4,2,1,1,Software Developer
IT,3,4,2,2,3,3,4,4,1,2,Cyber Security Specialist
IT,3,4,0,3,3,3,4,1,1,1,Software Tester
CSE,3,3,3,4,2,2,3,4,3,1,Networking Engineer
CSE,2,4,0,3,4,1,3,4,1,2,Business Analyst
ECE,3,2,1,1,4,4,3,3,2,0,Software Tester
ECE,3,4,2,4,2,4,3,1,2,4,AI/ML Specialist
IT,2,2,4,4,3,1,3,2,3,1,Hardware Engineer
IT,0,2,0,2,3,0,1,2,0,1,Customer Service Executive
IT,2,3,1,3,0,2,3,4,3,2,Information Security Specialist
ECE,4,3,3,4,4,3,4,4,2,2,Cyber Security Specialist
CSE,2,3,1,2,4,4,3,4,0,2,Database Administrator
ECE,2,4,1,3,4,1,2,2,0,0,Project Manager
ECE,3,4,1,3,2,4,2,2,0,2,Software Developer
CSE,4,3,3,3,2,3,3,4,1,2,Networking Engineer
IT,1,1,1,2,3,0,2,0,1,0,Graphics Designer
CSE,2,4,2,2,4,1,2,2,2,1,Project Manager
IT,1,2,4,3,3,1,3,1,4,1,Hardware Engineer
ECE,4,4,3,2,4,4,2,3,2,3,API Specialist
CSE,2,4,1,3,3,1,3,1,1,3,Business Analyst
CSE,4,3,0,1,3,4,4,3,1,0,Database Administrator
ECE,3,3,1,2,3,4,4,4,0,0,Database Administrator
ECE,1,4,1,2,4,2,2,2,2,2,Business Analyst
CSE,3,3,1,2,3,4,3,2,3,2,Database Administrator
ECE,3,4,0,2,3,4,3,2,2,0,Software Tester
IT,2,3,3,1,4,1,2,2,1,0,Helpdesk Engineer
CSE,1,2,4,4,2,1,4,3,4,0,Hardware Engineer
ECE,3,4,0,2,2,4,3,1,1,1,Software Tester
CSE,4,4,2,3,3,4,4,4,1,2,Cyber Security Specialist
IT,2,2,1,2,3,2,1,1,0,1,Technical Writer
IT,0,3,1,0,3,1,0,1,0,0,Customer Service Executive
ECE,3,3,1,2,2,1,3,2,1,0,Software Tester
IT,0,1,2,0,3,0,0,0,2,0,Graphics Designer
CSE,2,4,2,4,4,1,2,2,1,2,Project Manager
IT,1,4,2,3,3,4,3,2,0,3,Cyber Security Specialist
ECE,3,4,2,3,3,3,3,4,2,2,Cyber Security Specialist
ECE,4,4,2,4,4,4,3,0,1,4,AI/ML Specialist
IT,4,3,2,3,4,4,4,2,1,1,Database Administrator
IT,2,4,0,3,3,2,3,2,1,2,Software Tester
ECE,2,4,3,1,3,2,2,2,1,2,Project Manager
ECE,3,4,2,3,4,2,2,1,0,3,Business Analyst
CSE,1,2,1,0,4,1,0,2,1,2,Customer Service Executive
ECE,2,2,3,3,2,0,2,2,4,2,Hardware Engineer
IT,1,3,3,4,2,1,2,3,4,0,Hardware Engineer
ECE,1,2,1,0,4,2,1,0,1,1,Graphics Designer
IT,3,2,0,2,4,4,4,4,1,1,Database Administrator
IT,4,3,1,1,4,4,4,3,2,3,API Specialist
ECE,4,3,2,2,4,4,3,3,1,2,API Specialist
CSE,1,3,4,4,3,1,3,1,4,1,Hardware Engineer
CSE,4,4,2,3,2,4,3,1,2,4,AI/ML Specialist
ECE,2,2,4,4,3,3,3,2,3,1,Hardware Engineer
ECE,4,2,1,3,3,3,4,4,2,0,API Specialist
ECE,1,4,2,3,4,1,1,2,0,1,Project Manager
IT,4,3,2,2,1,3,2,1,1,1,Software Tester
ECE,1,4,2,2,4,2,1,2,2,3,Business Analyst
ECE,3,3,0,2,3,1,4,3,1,1,Application Support Engineer
CSE,2,4,1,3,4,2,2,2,0,3,Business Analyst
IT,4,4,1,4,4,4,2,2,2,3,Software Developer
IT,1,3,2,3,4,2,1,1,1,3,Business Analyst
IT,0,3,0,2,3,1,2,1,1,0,Customer Service Executive
IT,1,4,1,3,3,2,2,3,1,2,Project Manager
ECE,2,3,2,3,4,1,4,3,0,1,Helpdesk Engineer
ECE,3,3,3,4,3,2,4,3,4,1,Hardware Engineer
CSE,1,3,3,4,4,2,2,3,2,1,Networking Engineer
CSE,2,4,3,3,3,2,4,3,2,1,Cyber Security Specialist
CSE,2,4,1,3,4,1,3,2,0,1,Helpdesk Engineer
ECE,3,4,2,4,3,3,4,3,2,2,Information Security Specialist
IT,1,3,2,1,4,2,2,2,0,0,Customer Service Executive
CSE,3,4,0,2,3,3,3,3,1,1,Software Tester
IT,4,4,1,3,2,3,4,2,1,2,AI/ML Specialist
IT,3,4,3,1,3,3,3,2,0,1,Software Tester
CSE,4,2,1,4,2,4,4,2,1,4,AI/ML Specialist
ECE,2,3,2,3,3,1,4,4,2,1,Helpdesk Engineer
ECE,1,3,3,4,1,0,3,2,4,0,Hardware Engineer
IT,2,4,1,1,3,3,3,3,1,1,Business Analyst
ECE,2,3,0,3,4,2,3,1,1,0,Business Analyst
ECE,4,3,1,3,3,3,3,3,1,3,API Specialist
ECE,2,3,1,3,3,3,4,3,1,1,Database Administrator
CSE,3,3,2,2,1,4,3,3,2,1,API Specialist
IT,3,2,1,3,4,4,3,3,2,2,Database Administrator
ECE,3,3,4,4,3,2,3,3,4,1,Hardware Engineer
ECE,2,3,0,1,1,0,0,0,1,1,Graphics Designer
CSE,3,4,1,1,3,1,4,3,1,1,Application Support Engineer
IT,3,4,1,2,1,2,2,3,1,0,Software Tester
ECE,3,4,2,2,4,3,3,2,2,2,Cyber Security Specialist
ECE,4,4,1,2,3,4,3,2,2,2,Software Developer
CSE,4,3,1,2,4,3,4,2,0,0,Application Support Engineer
IT,3,3,1,4,3,3,3,3,1,1,Software Developer
IT,2,4,4,4,2,1,4,4,4,0,Hardware Engineer
CSE,3,3,3,2,3,3,4,4,0,1,Information Security Specialist
CSE,3,4,1,1,2,4,3,3,1,0,Software Tester
IT,3,4,4,2,2,2,2,2,2,0,Networking Engineer
IT,3,4,1,4,4,0,1,2,1,3,Business Analyst
IT,2,2,2,2,4,2,3,1,1,0,Technical Writer
IT,2,4,0,1,2,4,4,4,0,1,Database Administrator
CSE,0,3,1,2,4,1,1,0,1,2,Technical Writer
ECE,3,3,1,1,3,0,4,4,1,2,Application Support Engineer
IT,1,2,2,1,3,2,1,0,2,0,Graphics Designer
CSE,4,3,1,2,3,4,2,3,1,2,API Specialist
CSE,4,3,2,2,3,4,2,3,0,3,API Specialist
IT,1,3,1,3,4,3,2,4,0,1,Project Manager
ECE,4,4,3,3,2,3,4,3,2,3,Cyber Security Specialist
CSE,1,4,1,3,4,2,3,2,1,2,Business Analyst
ECE,4,4,2,3,2,4,4,4,1,2,Cyber Security Specialist
CSE,2,4,0,3,4,4,2,2,0,0,Project Manager
IT,4,4,3,2,3,4,4,2,1,0,Software Tester
ECE,3,4,1,1,4,4,2,1,1,0,Software Tester
ECE,2,2,3,4,4,1,3,2,1,2,Helpdesk Engineer
ECE,0,2,0,2,4,1,1,1,0,0,Customer Service Executive
CSE,3,3,3,2,3,1,4,4,2,2,Networking Engineer
ECE,2,3,4,3,3,2,3,2,4,1,Hardware Engineer
ECE,3,2,3,4,3,2,2,2,4,1,Hardware Engineer
CSE,2,4,3,3,3,1,3,4,1,1,Networking Engineer
ECE,2,2,1,2,4,3,3,0,2,2,Technical Writer
CSE,3,3,1,3,4,1,2,1,1,1,Project Manager
CSE,2,4,3,4,2,2,2,2,3,1,Hardware Engineer
ECE,4,4,1,3,2,4,3,3,1,4,API Specialist
CSE,4,4,0,4,3,2,3,1,2,4,AI/ML Specialist
ECE,1,2,1,1,2,3,4,4,2,1,Database Administrator
IT,1,1,0,2,3,0,0,1,1,0,Customer Service Executive
ECE,4,2,3,3,2,2,4,4,1,0,Networking Engineer
CSE,4,3,4,2,2,2,4,3,2,0,Networking Engineer
ECE,3,4,1,1,4,1,2,2,1,1,Technical Writer
CSE,3,3,3,4,2,2,3,3,1,2,Networking Engineer
ECE,4,4,2,3,2,3,3,2,1,4,AI/ML Specialist
IT,3,4,2,3,3,3,4,4,3,1,Information Security Specialist
CSE,1,1,3,0,3,2,1,2,1,0,Graphics Designer
CSE,0,1,0,1,4,1,1,0,0,0,Customer Service Executive
CSE,3,4,3,2,4,2,4,4,2,3,Information Security Specialist
CSE,3,4,1,2,4,4,4,3,2,1,Database Administrator
CSE,4,1,1,2,3,3,4,3,1,0,API Specialist
IT,4,4,0,4,3,4,2,2,0,4,AI/ML Specialist
ECE,2,3,0,2,3,3,4,4,0,2,Application Support Engineer
ECE,2,3,0,1,3,2,2,2,1,0,Customer Service Executive
IT,2,4,1,4,4,3,2,1,2,3,Business Analyst
IT,2,3,1,3,3,3,4,4,1,1,Information Security Specialist
CSE,4,4,1,1,2,4,2,3,2,2,API Specialist
IT,4,3,1,2,2,4,3,4,1,1,Database Administrator
ECE,4,3,0,3,2,4,2,1,2,4,AI/ML Specialist
ECE,4,4,1,3,3,3,4,4,1,2,Cyber Security Specialist
ECE,3,4,2,1,4,2,2,2,2,1,Software Tester
CSE,3,3,0,3,4,2,2,2,1,1,Project Manager
ECE,2,3,2,0,3,2,3,3,0,1,Helpdesk Engineer
IT,1,4,2,4,3,2,3,2,2,2,Project Manager
IT,3,3,1,2,2,4,4,4,0,1,Database Administrator
CSE,4,4,3,1,4,3,3,4,2,3,Information Security Specialist
ECE,3,4,0,4,4,1,2,2,0,2,Project Manager
CSE,4,3,1,0,4,1,1,2,1,1,Technical Writer
ECE,1,2,0,1,4,1,0,1,0,0,Customer Service Executive
ECE,0,2,0,1,4,3,3,1,1,0,Technical Writer
IT,3,4,1,3,2,3,4,4,1,2,Cyber Security Specialist
ECE,2,1,1,2,3,2,0,0,1,0,Graphics Designer
ECE,4,4,1,3,2,3,2,2,2,1,API Specialist
CSE,4,4,2,1,3,4,2,1,2,1,Software Tester
IT,2,1,0,0,2,2,1,1,2,0,Graphics Designer
CSE,2,3,2,4,2,3,4,4,1,2,Cyber Security Specialist
CSE,4,3,4,3,1,1,3,4,2,1,Networking Engineer
CSE,4,4,1,4,3,3,2,3,1,2,Software Developer
CSE,1,3,0,1,3,1,1,2,0,0,Customer Service Executive
CSE,2,2,4,4,2,3,4,1,4,2,Hardware Engineer
IT,2,4,1,4,2,3,2,2,1,2,Business Analyst
ECE,2,3,2,3,3,3,2,2,1,1,Project Manager
CSE,3,2,0,2,3,4,3,3,2,1,Database Administrator
CSE,4,4,2,3,3,2,4,4,1,2,Cyber Security Specialist
ECE,4,4,1,3,2,2,4,3,0,1,Application Support Engineer
CSE,3,4,2,4,3,4,3,3,2,4,AI/ML Specialist
CSE,3,4,2,4,3,2,4,4,1,2,Information Security Specialist
CSE,2,4,0,3,4,2,2,3,2,1,Business Analyst
CSE,3,3,2,3,4,1,2,3,1,1,Helpdesk Engineer
CSE,3,1,1,2,4,3,4,4,1,0,Application Support Engineer
ECE,0,1,1,1,2,1,1,0,2,0,Graphics Designer
CSE,1,2,2,1,3,1,3,3,2,1,Helpdesk Engineer
ECE,1,4,1,2,3,2,2,1,0,1,Business Analyst
IT,3,3,1,2,2,4,4,2,1,2,Database Administrator
ECE,3,3,2,4,2,2,2,4,2,0,Networking Engineer
CSE,2,4,3,3,4,2,2,3,0,1,Project Manager
ECE,4,3,1,1,4,2,4,3,1,1,Application Support Engineer
IT,3,4,1,2,2,4,4,4,1,0,Database Administrator
IT,2,4,2,2,3,3,4,4,2,3,Information Security Specialist
ECE,4,3,0,3,3,4,4,2,0,3,Software Developer
ECE,4,4,1,1,2,4,3,2,2,3,API Specialist
ECE,4,3,1,2,2,4,3,2,1,3,Software Developer
ECE,3,4,1,1,4,4,4,3,1,1,Database Administrator
IT,2,2,4,3,2,1,4,1,4,0,Hardware Engineer
CSE,3,2,3,4,2,1,4,3,3,0,Networking Engineer
IT,4,4,0,4,3,4,2,2,1,4,AI/ML Specialist
ECE,4,3,3,4,3,3,2,4,2,1,Networking Engineer
IT,3,3,1,2,3,1,3,2,2,0,Application Support Engineer
IT,2,2,2,2,4,2,3,3,2,2,Helpdesk Engineer
IT,2,4,1,4,4,2,4,3,0,1,Business Analyst
CSE,3,3,1,4,2,4,3,3,2,4,AI/ML Specialist
CSE,4,4,1,3,3,4,4,3,1,1,Software Developer
CSE,1,4,3,4,2,1,3,2,4,0,Hardware Engineer
CSE,4,4,1,4,3,3,4,2,1,2,Software Developer
CSE,2,3,3,3,1,1,3,1,4,0,Hardware Engineer
CSE,2,3,2,1,4,2,2,4,2,1,Helpdesk Engineer
IT,2,3,2,3,2,2,3,4,2,2,Information Security Specialist
CSE,3,3,1,1,4,4,4,2,0,2,Database Administrator
IT,3,4,3,4,2,3,2,4,2,1,Networking Engineer
ECE,2,3,2,3,3,2,3,3,2,0,Helpdesk Engineer
